khs.ssO,khs.aasC,nAtomP,MDEO-22,MDEN-22,nAromBlocks,khs.dsCH,AMR,nRingBlocks,khs.aaNH,ATSm2,MOMI-R,SCH-5,MDEC-23,Kier2,khs.dssC,khs.sCH3,Wlambda1.unity,y_true
0,3,9,0,0.2,2,0,104.222,3,1,34.827,7.386,0.253,32.036,7.301,2,0,1.255,1
4,8,18,1.17,0,2,0,101.534,1,0,34.653,7.921,0,22.68,10.543,1,5,1.618,1
2,6,15,0.1,0.825,2,0,104.717,4,0,37.234,8.154,0,16.585,9.647,0,0,1.37,1
1,6,15,0,0.825,2,0,98.237,4,0,35.57,7.935,0.144,16.585,9.013,0,0,1.286,1
4,6,18,1.17,0,2,0,78.19,2,0,25.989,6.93,0,15.723,8.741,0,4,0.872,1
4,7,16,0.825,0,2,0,101.275,2,0,44.27,8.313,0,17.423,10.08,1,3,1.592,1
1,4,20,0.111,0,2,0,80.739,2,0,26.325,6.629,0,17.437,7.266,0,2,1.321,1
3,7,22,0.383,0,2,4,105.74,2,0,31.657,8.636,0,20.597,9.212,1,4,1.363,1
3,5,24,0.909,1,2,1,103.282,2,0,32.017,8.626,0,18.534,10.684,1,3,0.484,1
1,3,14,0,0,2,0,103.661,3,0,29.661,7.071,0,22.487,9.972,4,2,2.773,1
1,3,14,0,0,2,0,99.367,3,0,28.661,7.603,0,21.081,9.274,4,2,0.936,1
5,9,11,1.821,0,2,0,105.01,2,0,37.318,7.465,0.196,19.236,8.165,1,3,2.875,1
1,4,19,0,0,2,2,82.542,2,0,26.668,6.339,0.096,15.873,6.84,0,1,1.046,1
3,5,20,0.909,0,2,2,93.774,2,0,30.664,6.606,0.096,15.658,8.393,0,3,2.033,1
6,9,9,2.633,0,2,0,117.653,2,0,42.148,7.831,0.214,24.998,10.546,1,4,2.871,1
6,0,3,2.448,0,0,0,99.588,2,0,38.649,7.412,0.214,23.954,8.741,1,3,3.09,1
4,8,18,1.17,0,2,0,109.363,1,0,37.323,7.985,0,24.55,11.228,1,4,1.539,1
1,4,23,0,1.145,2,4,99.029,3,0,38.723,8.359,0,16.918,9.467,1,1,0.69,1
0,2,14,0,0.25,2,0,91.212,3,0,26.329,7.329,0.079,17.164,8.393,4,1,1.172,1
1,9,17,0,0,2,0,68.217,2,0,38.217,7.216,0,7.303,7.709,0,1,1.063,1
1,5,20,0,1.785,2,0,91.086,2,0,28.492,7.494,0,12.919,8.59,2,2,0.549,1
1,1,11,0,1.785,1,1,88.49,2,0,28.492,7.668,0,12.919,8.59,5,2,1.56,1
4,8,22,1.17,0,2,0,103.77,1,0,34.653,7.588,0,22.68,10.543,2,5,0.75,1
1,3,15,0,2.08,2,0,109.409,3,0,35.267,7.858,0.196,22.513,10.543,3,0,2.939,1
0,4,17,0,0.167,2,2,82.46,2,0,25.004,6.678,0.096,13.133,6.185,0,2,0.199,1
2,6,21,0.091,1.442,3,0,103.726,3,0,35.219,8.068,0.096,17.71,9,1,2,1.321,1
0,3,6,0,1.533,2,0,94.501,3,1,28.994,7.516,0.118,13.349,8.347,2,3,1.308,1
1,7,18,0,2.655,3,0,122.231,3,0,36.99,9.075,0,21.401,13.778,1,4,3.389,1
1,3,20,0,1.5,2,0,77.832,2,1,28.665,7.001,0.241,12.63,7.051,2,1,0.63,1
4,7,12,1.028,0,2,0,98.511,3,0,32.819,7.683,0.351,16.077,9.212,1,5,2.115,1
3,7,27,0.909,1.461,3,0,112.515,3,2,37.322,8.483,0.214,24.222,9.469,0,3,1.949,1
6,1,5,2.448,1.89,1,0,122.658,3,1,48.681,8.099,0.358,26.495,10.637,1,3,2.558,1
4,7,21,1.05,0,2,1,91.396,2,0,30.321,7.705,0.118,18.581,8.792,2,3,0.901,1
3,8,17,0.909,0,2,0,107.827,1,0,37.329,7.605,0,22.68,10.543,1,5,2.873,1
4,7,19,1.028,0,2,2,88.985,2,0,26.989,6.67,0,16.295,9.475,0,4,2.592,1
2,6,15,0.1,0.167,2,0,105.25,4,0,36.902,8.204,0,19.07,9.647,0,0,1.235,1
1,6,15,0,0.825,2,0,98.237,4,0,35.57,7.957,0.144,16.585,9.013,0,0,1.303,1
3,2,13,0.651,0.468,1,1,95.896,1,0,30.377,7.99,0,13.546,10.519,1,4,1.248,1
4,7,14,0.88,0,2,2,116.24,2,0,44.106,8.764,0,18.271,13.032,1,4,2.019,1
4,7,12,1.028,0,2,0,98.511,3,0,32.819,7.74,0.351,16.077,9.212,1,5,2.452,1
4,7,12,1.028,0,2,0,99.906,3,0,34.152,7.916,0.318,18.83,9.871,1,4,2.565,1
0,6,29,0,1.533,3,2,113.583,4,3,39.908,9.601,0.118,26.009,11.588,1,3,1.592,1
0,3,8,0,1.533,2,0,95.442,3,1,28.994,7.472,0.118,13.349,8.347,4,3,1.495,1
0,5,8,0,1.533,2,0,95.575,3,1,32.157,7.816,0.118,14.552,8.789,4,3,1.429,1
4,8,18,1.17,0,2,0,97.439,1,0,32.321,7.434,0,21.551,9.667,0,5,1.763,1
1,4,18,0,0.5,2,0,83.51,2,0,24.827,6.669,0,14.711,7.051,0,3,1.439,1
1,4,20,0.111,0,2,0,77.732,2,0,26.491,6.619,0,17.437,7.266,0,2,1.073,1
5,8,9,1.586,0,2,0,98.236,2,0,37.317,7.475,0.214,23.954,8.165,1,2,2.655,1
1,7,14,0,0,3,0,98,2,0,29.328,6.733,0,31.487,7.935,1,1,2.204,1
0,5,29,0,1.533,3,2,113.292,4,3,38.326,9.329,0.118,24.558,11.373,1,3,1.467,1
3,6,19,0.383,0,2,2,103.044,2,0,30.325,8.458,0,20.02,9,1,4,1.328,1
3,7,20,0.383,0,2,2,107.744,2,0,31.491,8.641,0,20.597,9.212,1,4,1.58,1
0,3,18,0,0.965,2,0,90.359,2,1,29.167,7.501,0.214,12.679,7.713,1,2,0.435,1
4,10,21,1.028,1,3,0,104.806,2,1,33.349,7.603,0.096,21.214,8.789,0,4,1.468,1
4,6,20,1.028,0,2,0,106.074,3,0,32.515,7.959,0.096,18.807,10.156,2,5,1.544,1
1,4,16,0,0.333,3,2,104.087,3,0,32.741,8.256,0.079,24.324,9.212,4,1,1.305,1
3,9,24,0.909,0,3,0,107.287,3,0,32.989,8.146,0,21.833,10.347,1,4,2.39,1
1,5,18,0,1.191,2,0,90.081,2,0,30.112,7.117,0,18.812,7.087,0,1,1.729,1
1,5,18,0,1.145,2,0,90.655,2,0,30.112,7.115,0,18.616,7.087,0,1,1.704,1
1,5,17,0.125,0.5,2,0,84.39,2,0,29.443,6.873,0.118,17.333,6.481,0,1,1.435,1
1,6,17,0.111,1.04,2,0,88.158,2,0,28.879,6.65,0.096,14.358,6.719,0,3,2.093,1
3,7,27,0.909,0.945,3,2,102.55,3,2,35.322,8.116,0.214,22.921,8.626,1,1,0.51,1
1,5,21,0,1.511,2,0,89.322,2,0,31.776,7.302,0,16.529,7.319,1,1,1.63,1
4,4,16,0.909,0,1,0,116.884,1,0,41.152,7.874,0.235,22.756,7.75,4,4,1.932,1
2,3,19,0.333,0,2,2,126.206,2,0,39.491,7.862,0.118,39.182,9.568,3,1,2.307,1
0,3,25,0,0,2,0,113.389,2,0,31.831,7.716,0.064,30.865,7.68,1,2,2.08,1
4,8,12,0.842,0,2,0,111.065,2,0,49.259,9.197,0,19.311,10.08,0,3,1.23,1
3,8,9,0.544,0,2,0,102.479,2,0,36.31,7.467,0,18.354,8.566,0,2,1.316,1
1,3,18,0,0,2,0,74.211,2,1,22.329,6.657,0.096,17.064,6.185,1,1,0.442,1
2,5,13,0.167,0.25,3,0,125.321,4,0,37.824,10.096,0,22.443,13.778,1,0,1.424,1
4,8,22,1.662,0,2,0,98.171,2,0,32.985,7.6,0.079,14.241,9.212,1,5,1.978,1
3,8,24,0.909,0.333,3,0,110.914,3,0,34.183,8.333,0.096,21.937,9.428,0,4,1.095,1
3,5,26,0.909,0.333,2,3,122.818,3,0,38.682,8.869,0.192,25.389,9.7,2,4,1.611,1
1,5,21,0,1.52,2,0,87.503,2,0,31.776,7.299,0,16.283,7.319,1,1,1.603,1
3,9,27,0.909,1.461,3,0,116.604,3,2,37.322,8.577,0.214,24.1,9.469,0,3,1.188,1
3,7,25,0.909,0.814,3,0,105.142,3,2,34.322,8.278,0.236,20.206,9.428,1,3,0.489,1
3,8,25,0.909,0.945,3,0,111.117,3,2,35.322,8.213,0.214,19.217,9.647,1,4,2.209,1
3,7,25,0.909,0.945,3,0,106.076,3,2,34.322,8.035,0.214,19.544,9.428,1,3,2.876,1
3,8,22,0.909,0.5,3,0,99.021,3,1,30.989,8.096,0.118,17.284,9.467,1,4,0.607,1
0,6,14,0,1.191,2,0,75.41,3,0,26.067,6.822,0,12.685,5.78,0,0,1.039,1
4,0,3,1.17,0,0,0,102.208,1,0,35.321,8.01,0.096,23.636,9.24,2,4,1.737,1
1,5,13,0,0.25,3,0,147.399,5,0,44.99,12.314,0,27.837,15.291,2,0,1.256,1
1,4,14,0,0.965,3,0,112.826,3,1,33.661,8.876,0.079,26.739,9.428,0,0,1.982,1
0,2,14,0,0.965,2,0,86.585,2,1,24.997,7.189,0.079,18.915,6.63,0,0,0.703,1
0,1,14,0,0.965,1,0,72.71,1,1,20.997,6.831,0.079,14.437,5.97,0,1,0.168,1
3,8,15,0.442,1.191,3,0,100.579,3,0,32.156,7.889,0.118,20.166,9,0,1,1.75,1
0,3,19,0,0,2,0,80.857,2,0,24.948,6.457,0,16.791,6.406,4,0,0.736,0
0,0,7,0,0,0,0,31.093,0,0,9.329,4.166,0,0,3.92,2,2,0.513,0
0,4,6,0,0,2,0,91.238,1,0,24.831,6.849,0,18.984,7.266,0,2,1.545,0
0,2,7,0,0,1,0,86.911,1,0,27.731,8.332,0,11.94,10.714,2,1,1.431,0
0,4,14,0,0,2,0,57.439,2,0,15.498,5.331,0,12.398,4.68,0,0,0.305,0
0,3,13,0,0,2,0,59.435,2,0,15.332,5.377,0,10.085,5.186,0,1,0.676,0
0,6,16,0,0,2,0,61.546,1,0,20.439,5.795,0.079,18.562,4.592,0,0,0.058,0
0,1,17,0,0.5,1,0,60.365,1,0,19.163,5.995,0,11.698,6.25,2,0,0.606,0
0,2,7,0,0,2,0,73.665,3,0,23.689,6.037,0.068,12.398,6.012,2,0,1.294,0
0,2,11,0,0,1,1,76.971,1,1,23.163,6.212,0.096,20.701,4.777,1,1,0.325,0
0,0,2,0,0,0,1,97.157,1,0,28.83,7.123,0.068,22.968,6.27,2,3,1.386,0
2,1,11,0.5,0,1,0,57.539,1,0,25.144,5.7,0,3.303,6.554,0,2,0.645,0
0,4,14,0,0,2,0,60.445,2,0,15.332,5.078,0,12.747,4.68,0,0,1.314,0
1,4,8,0,0,2,0,100.504,3,0,30.575,8.648,0,16.593,10.519,1,1,1.034,0
0,3,7,0,0,1,0,41.41,1,1,10.664,4.306,0.096,2.149,2.939,1,3,0.261,0
0,0,0,0,0,0,0,53.408,1,0,15.166,4.539,0,12.258,2.521,0,1,1.451,0
2,0,4,0.5,0,0,1,109.489,1,0,38.239,7.653,0.131,19.85,7.008,3,4,1.836,0
4,7,8,0.898,0,2,0,102.308,2,0,31.155,7.936,0,20.954,9.467,0,5,0.803,0
1,2,11,0,0,1,0,53.084,1,0,17.834,5.624,0,6.295,5.778,1,2,0.275,0
1,2,11,0,0,1,0,49.728,1,0,17.502,4.775,0.096,6.447,3.395,0,1,0.078,0
0,4,14,0,0,2,0,67.678,2,0,22.896,5.998,0,12.362,5.558,0,2,1.716,0
1,3,13,0,0,1,0,50.994,1,0,18.602,5.812,0,7.188,6.667,1,2,0.276,0
1,2,7,0,0,1,0,57.197,1,0,16.328,5.8,0,7.173,5.365,1,3,0.804,0
0,2,6,0,0,2,0,77.412,3,0,22.664,6.261,0,15.227,6.84,0,0,1.384,0
2,3,10,0.333,0,1,0,54.261,1,0,15.66,5.641,0,8.54,5.778,1,3,0.222,0
1,3,10,0,0,1,0,49.491,1,0,14.328,5.315,0,8.54,5.024,1,2,0.186,0
0,3,9,0,0,2,0,62.845,2,0,19.997,5.502,0.068,12.237,4.592,1,0,1.164,0
0,1,9,0,0.5,1,0,44.433,1,1,12.665,4.433,0.096,6.679,3.164,0,1,0.395,0
0,0,0,0,0,0,0,78.735,1,0,24.664,6.314,0.083,19.49,4.747,0,2,1.22,0
2,2,8,0.333,0,1,0,44.919,1,0,14.993,5.378,0,6.239,5.672,1,1,0.281,0
0,1,10,0,0,1,0,38.764,1,1,11.664,4.079,0.118,8.548,2.56,0,0,0,0
0,5,20,0,4.061,3,0,84.245,3,0,26.614,7.012,0,11.469,8.022,0,0,1.638,0
0,0,4,0,0,0,0,25.191,0,0,25.769,3.969,0,0,2.32,0,0,0.773,0
1,3,20,0,0,2,0,77.675,2,0,26.159,6.333,0,16.11,7.266,1,2,1.272,0
0,2,9,0,0,2,0,61.886,2,0,18.997,5.755,0.096,12.825,5.104,0,0,1.164,0
0,4,14,0,0.909,1,0,51.936,1,0,18.946,5.836,0,0,5.365,2,0,0.549,0
0,2,10,0,0,1,0,61.306,2,0,18.5,5.49,0,9.369,5.365,1,0,1.519,0
0,4,10,0,0,3,0,121.45,4,1,40.825,10.29,0.079,33.267,12.03,0,0,2.271,0
2,4,14,0.111,0,2,0,63.97,2,0,18.328,5.815,0,14.06,6.074,0,2,0.104,0
0,0,6,0,0,0,3,100.7,1,0,34.824,7.24,0.059,17.358,6.748,3,3,1.373,0
0,2,8,0,0,1,0,47.028,2,1,20.495,5.676,0.118,12.566,4.938,0,0,1.064,0
4,0,8,1.751,0.333,1,0,71.667,2,1,32.508,7.45,0.079,5.085,9.972,3,3,1.042,0
1,0,4,0,0,0,1,116.412,1,0,38.989,8.897,0.072,23.759,9.465,5,2,1.077,0
0,2,15,0,0.25,2,0,55.18,2,0,18.329,5.293,0.096,11.079,4.473,0,0,0,0
1,2,10,0,2.182,2,0,83.745,3,0,28.492,7.397,0.096,14.521,7.92,0,0,1.018,0
0,3,16,0,0.5,2,0,65.64,2,0,20.551,5.866,0.096,11.589,4.938,0,1,0.237,0
2,6,22,0.25,0,3,0,87.49,3,0,25.661,7.042,0,19.737,8.203,0,0,1.664,0
0,2,7,0,0.5,2,0,81.826,3,0,23.163,6.48,0.144,13.129,7.852,1,0,1.569,0
0,2,10,0,0,1,0,48.381,1,0,15.838,4.517,0.096,6.447,2.803,0,1,0.082,0
1,4,17,0,0,2,0,72.954,2,0,21.328,6.827,0,15.68,7.136,2,2,0.804,0
0,0,10,0,0,1,0,37.77,1,1,15.282,4.191,0.096,5.553,2.56,0,0,0,0
1,1,15,0.75,0,1,0,72.957,1,0,26.989,7.049,0.118,15.161,6.481,0,2,0.745,0
0,2,18,0,0,2,0,70.231,3,0,22.689,5.834,0.079,13.663,6.185,2,0,0.764,0
4,5,11,0.722,0,2,0,119.446,2,0,35.487,10.186,0,18.335,15.009,1,5,1.758,0
1,3,16,0,0,2,1,60.284,2,0,18.329,5.674,0,10.782,6.667,0,0,0.751,0
0,4,14,0,0,2,0,66.716,2,0,17.332,5.865,0,15.009,5.558,1,2,0.942,0
0,5,15,0,0,2,0,70.718,2,0,22.402,6.273,0,14.665,5.76,1,0,0.834,0
1,1,8,0,0,1,2,48.719,2,1,19.491,5.767,0.118,7.292,5.104,0,1,0.834,0
0,3,11,0,1,2,0,49.659,2,1,13.692,4.834,0.118,7.428,3.806,0,1,0.071,0
1,2,10,0,0,1,0,54.84,1,1,17.661,5.596,0.096,11.745,4.888,1,1,0.462,0
1,2,6,0,0,2,0,94.211,3,0,30.993,7.269,0,20.084,7.788,1,1,1.477,0
0,1,14,0,0,1,0,55.852,1,0,16.83,5.036,0.079,14.334,3.539,0,0,0,0
1,3,17,0.333,0,2,0,78.056,2,0,28.395,7.215,0.144,11.727,8.022,2,1,1.604,0
1,4,14,0,0,2,0,61.815,2,0,16.83,5.394,0,11.165,5.365,0,1,1.059,0
0,2,14,0,0,1,0,43.645,1,0,16.938,5.022,0,8.983,4.245,0,0,0.065,0
0,3,17,0,0.965,2,0,70.066,2,0,20.357,6.487,0,10.13,7.556,1,1,0.145,0
0,2,6,0,0,2,0,74.333,2,0,19.664,7.182,0,11.32,8.227,0,0,1.35,0
0,4,15,0,0,2,0,58.358,2,1,17.831,5.819,0,12.088,5.558,0,1,0.545,0
0,2,10,0,1.145,2,0,65.705,2,0,20.662,5.74,0.096,9.334,5.325,0,0,1.194,0
1,2,10,0,1.145,1,0,65.044,2,0,25.942,6.333,0.192,7.085,5.413,0,0,1.175,0
0,5,16,0,0.5,2,0,69.528,2,0,20.329,6.239,0,11.79,6.438,1,2,0.885,0
0,0,6,0,0,0,3,106.038,1,0,34.612,7.059,0.059,17.495,6.498,3,3,1.3,0
0,2,6,0,0,2,0,116.227,3,0,34.993,8.235,0,17.065,10.292,1,0,4.805,0
0,5,14,0,1.5,2,0,58.84,2,0,19.281,5.939,0,7.995,4.888,0,0,0.511,0
0,2,8,0,0,2,0,86.053,3,0,25.163,6.122,0,16.297,7.266,1,1,1.447,0
2,2,13,0.143,0,1,0,59.729,1,1,18.993,6.138,0.096,10.673,5.558,1,2,0.162,0
0,0,7,0,0,0,4,66.174,2,0,23.325,7.202,0.192,10.04,7.852,4,0,0.766,0
0,2,14,0,0,1,0,48.205,1,0,19.612,5.671,0,10.696,4.473,1,0,0,0
1,1,6,0,0,1,0,58.494,1,0,18.993,6.967,0,7.49,9,2,0,0.214,0
1,1,12,0,0,1,0,66.384,2,0,21.668,5.752,0,8.003,6.074,3,1,0.792,0
0,4,18,0,0.965,2,0,71.685,2,0,21.689,6.717,0,12.169,7.695,1,1,0.139,0
0,1,12,0,1,1,0,38.12,1,1,14.965,4.558,0.118,7.486,3.395,0,0,0,0
0,0,6,0,0.5,0,0,34.808,1,0,12.329,4.276,0.083,1.633,3.164,2,2,1.016,0
0,1,9,0,0.5,1,0,47.344,1,1,13.665,4.855,0.096,7.565,3.806,0,1,0.437,0
0,2,6,0,0,2,0,89.061,2,0,22.499,7.903,0,8.981,10.68,0,1,1.339,0
0,3,7,0,0.5,1,0,37.39,1,0,11.783,4.407,0,2.08,2.722,0,1,0.104,0
0,4,21,0,0,3,0,84.767,3,0,27.021,7.127,0.064,13.977,7.92,1,2,0.418,0
0,1,9,0,0.5,1,0,50.256,1,1,14.665,5.348,0.096,8.133,4.481,0,1,0.726,0
1,1,6,0,0,1,0,78.821,2,0,23.827,7.155,0.125,11.485,8.022,1,2,1.437,0
0,1,6,0,0,1,0,47.841,1,0,11.332,4.86,0,6.086,4.793,0,2,1.205,0
2,4,10,0.333,0,1,0,59.01,1,0,17.661,5.587,0,9.773,4.888,1,3,0.307,0
0,3,19,0,1.105,2,0,71.777,2,0,31.087,7.01,0,9.337,7.32,1,1,1.104,0
1,4,10,0,0,1,0,57.607,1,1,16.661,5.58,0.079,1.591,5.365,2,4,0.259,0
0,1,12,0,0.5,1,0,58.45,1,0,22.157,6.223,0.079,2.249,5.551,0,3,0.466,0
1,2,8,0,0,1,0,40.15,1,0,13.66,4.983,0,6.239,4.889,1,0,0.248,0
1,3,8,0,0,2,0,61.684,2,0,16.83,5.702,0,10.469,5.915,0,0,0.557,0
1,3,7,0,0,1,0,50.076,1,0,17.612,5.858,0,9.317,5.778,1,0,0.341,0
0,1,6,0,0,1,0,57.528,2,0,17.664,6.259,0,10.883,6.667,0,0,1.074,0
2,7,22,0.071,4.061,3,0,97.021,3,0,31.942,8.065,0,14.009,9.796,0,2,1.4,0
0,4,18,0,0.333,1,0,66.36,1,0,21.997,5.863,0.064,16.861,4.529,1,0,0,0
0,3,15,0,0,2,0,63.977,2,0,17.664,5.749,0,11.45,6.074,1,1,0.14,0
1,4,11,0,0,1,0,81.583,1,0,23.945,7.122,0,8.39,9.107,1,3,1.39,0
0,3,8,0,0,1,0,65.501,1,0,18.329,5.998,0,9.904,6.805,0,3,1.475,0
0,1,12,0,0,1,1,44.936,1,0,12.665,4.897,0,7.266,5.612,1,0,0.424,0
1,1,8,0,0,1,0,46.261,2,0,18.325,5.53,0.118,7.658,4.888,0,0,0.937,0
0,1,12,0,1,1,0,38.12,1,1,14.965,4.549,0.118,7.308,3.395,0,0,0,0
0,4,17,0,0.5,2,0,68.833,2,1,19.997,5.887,0.096,14.865,4.938,0,0,0.103,0
0,2,9,0,1.31,1,0,44.372,1,0,13.523,4.413,0.118,2.942,2.803,0,2,0.166,0
2,2,12,0.2,0,1,0,70.951,1,0,26.764,6.838,0,11.081,8.203,4,2,1.078,0
1,3,6,0,0,2,0,106.999,3,0,31.945,9.021,0,18.204,11.111,0,0,1.88,0
0,1,13,0,0,1,0,42.026,1,0,15.605,4.848,0,8.774,4.022,0,0,0,0
0,2,10,0,0,1,0,43.83,1,0,21.062,4.915,0,6.598,3.806,0,0,0.411,0
0,2,16,0,0,2,0,66.438,2,0,19.163,5.825,0,10.573,6.805,1,1,0.916,0
0,2,10,0,0,1,0,41.316,1,0,16.576,5.3,0,5.775,4.68,1,0,0.253,0
4,3,17,1.475,0.333,1,0,92.229,1,0,41.374,7.767,0.096,6.61,9.087,1,4,1.502,0
1,2,8,0,0,1,0,46.648,1,0,15.495,4.889,0,7.607,4.022,1,0,0.251,0
1,0,4,0,0,0,1,113.453,1,0,36.325,8.078,0.072,23.789,8.652,4,3,2.181,0
2,7,25,0.167,0,1,0,90.522,1,0,32.321,7.594,0,18.044,8.789,5,2,0.193,0
1,2,10,0,0,1,0,65.092,1,0,19.162,7.555,0,8.628,9.868,1,1,0.283,0
0,1,6,0,0,1,0,52.625,1,0,13.664,5.348,0,6.295,5.672,1,2,0.836,0
0,2,14,0,0,2,0,54.477,2,0,15.664,5.243,0,11.111,5.186,1,0,0.538,0
0,3,14,0,0,2,0,61.253,2,0,20.004,5.625,0.118,9.436,5.365,1,1,0.06,0
0,4,9,0,1,1,0,60.73,1,0,20.519,6.749,0,7.963,7.556,1,0,0.878,0
1,3,17,0,1,2,0,70.405,2,0,20.689,6.742,0,10.894,7.556,1,1,0.181,0
0,5,15,0,0,2,0,71.788,2,0,24.734,5.853,0.079,16.037,5.175,1,0,0.805,0
0,5,19,0,1.5,3,0,85.986,3,0,28.399,6.907,0,13.282,7.513,0,0,0.794,0
0,3,9,0,2.673,1,0,61.084,1,0,16.327,5.531,0,0,5.186,0,5,0.259,0
1,3,16,0,0,2,0,64.632,2,0,19.329,6.056,0,10.839,6.805,1,1,0.933,0
2,2,12,0.25,0,1,2,68.827,1,0,21.159,6.026,0,11.867,6.963,1,2,0.644,0
0,2,8,0,0,1,0,45.905,1,0,18.388,5.445,0.096,4.5,5.186,0,1,0.909,0
1,0,13,0.25,0,1,0,47.109,1,0,18.491,5.336,0.079,7.178,4.888,1,1,0.131,0
0,3,6,0,0.333,1,0,47.723,1,0,14.191,4.798,0.079,5.553,3.395,0,2,0.388,0
0,3,6,0,0,2,0,66.122,2,0,19.664,5.834,0,17.328,5.325,1,0,1.032,0
1,3,9,0,0,2,0,116.975,2,0,36.326,8.953,0.079,26.65,9.469,1,2,2.383,0
1,3,7,0,0,1,0,69.616,1,0,22.066,7.4,0,7.243,8.163,0,1,0.604,0
0,2,11,0,0,1,0,64.264,2,0,24.78,6.057,0.064,13.001,5.551,2,0,1.085,0
0,1,14,0,0,1,0,59.143,2,0,21.827,5.965,0.144,13.788,5.551,1,0,1.067,0
2,3,13,0.167,0,1,0,87.917,1,0,25.658,7.83,0.064,11.286,8.203,1,5,0.471,0
0,3,7,0,0,2,0,91.7,2,0,24.163,7.737,0,15.01,9.333,1,3,1.759,0
0,1,9,0,0,1,0,73.44,2,0,22.664,6.051,0,17.284,4.777,1,0,1.14,0
2,3,17,0.2,0,2,0,65.979,2,0,20.993,6.237,0,10.839,7.556,1,1,0.277,0
0,2,10,0,0,1,0,48.07,1,0,17.79,4.793,0.096,5.241,2.803,0,0,0,0
0,4,8,0,0,1,0,44.768,1,0,14.236,4.744,0,5.657,2.939,0,0,0,0
1,1,14,0.25,0,1,0,48.443,1,0,17.993,5.33,0,9.418,4.888,1,1,0.226,0
3,4,12,0.909,0,1,0,77.916,1,0,26.321,8.314,0,10.524,11.536,2,3,0.731,0
0,6,17,0,1,3,0,76.293,3,0,22.357,6.273,0.118,13.443,6.185,0,2,1.006,0
0,2,11,0,0,2,0,56.724,2,0,17.163,5.625,0.144,9.727,5.365,1,0,0.468,0
0,2,6,0,0,2,0,102.364,2,0,27.329,6.887,0,14.67,9.796,1,4,2.163,0
1,2,8,0,0.25,1,0,60.17,1,0,18.661,5.909,0,9.338,6.074,1,1,0.352,0
1,3,11,0,0.125,2,1,164.271,3,1,56.153,9.997,0.273,37.973,12.099,4,3,3.561,0
0,2,12,0,0,1,0,40.312,1,0,14.938,5.12,0,5.775,5.024,1,1,0.183,0
0,0,6,0,0,0,3,98.309,1,0,33.574,6.998,0.059,17.495,6.498,3,2,1.286,0
0,0,3,0,0,0,0,104.152,1,0,32.328,7.965,0.083,25.394,7.602,1,3,1.09,0
0,4,7,0,0,1,0,70.05,1,0,16.332,5.526,0,5.112,4.349,0,7,1.077,0
0,3,8,0,0.5,3,0,88.232,3,0,24.997,6.964,0,19.894,8.741,1,0,1.444,0
1,3,12,0,0,2,0,69.952,2,0,21.66,6.293,0,13.827,7.695,2,0,1.143,0
6,10,23,3.361,1,3,0,104.539,3,0,36.342,8.751,0.118,12.727,11.039,0,6,0.236,0
1,3,18,0,0,2,0,76.525,2,0,31.502,6.797,0,10.17,7.32,0,2,0.717,0
0,3,14,0,0.333,2,0,66.742,2,0,22.53,5.554,0.192,7.984,4.349,0,2,0.622,0
2,0,4,0.5,0,0,0,81.493,0,0,39.303,6.297,0,2.138,9.107,2,4,1.818,0
0,3,6,0,0,2,0,63.944,2,0,22.067,5.884,0.144,9.9,5.558,0,0,1.133,0
0,1,9,0,0.5,1,0,53.112,1,1,14.665,4.88,0.096,5.241,3.293,0,3,0.759,0
0,1,13,0,0,1,0,71.768,2,0,26.842,5.814,0.064,10.25,4.938,4,0,0.235,0
4,4,10,1.591,0,1,0,57.917,1,0,20.155,6.328,0,7,7.438,1,3,0.364,0
1,0,6,0,0,0,3,118.521,1,0,39.526,7.742,0.059,20.04,8.294,4,4,2.624,0
0,0,3,0,0,0,0,51.299,1,0,17.492,5.673,0,3.572,5.365,3,3,0.661,0
1,3,20,0,1.191,2,0,79.786,2,0,28.333,7.126,0.096,11.607,7.513,1,1,0.319,0
0,2,11,0,0,1,0,44.959,1,0,16.17,4.488,0.096,6.447,2.803,0,0,0,0
0,2,7,0,0,1,0,88.248,2,0,32.997,7.526,0.4,8.82,7.197,3,2,1.413,0
2,1,8,0.167,0,1,0,81.493,2,0,27.322,6.61,0,10.332,8.393,3,3,2.921,0
0,4,14,0,0,2,0,61.747,2,0,18.329,5.909,0.096,8.475,5.558,1,2,0.39,0
0,4,18,0,0,2,0,69.808,1,0,22.329,5.742,0,18.628,5.78,2,0,1.316,0
0,3,8,0,0,1,0,57.429,1,0,17.855,5.531,0,7.831,5.558,1,1,1.317,0
0,4,18,0,0,2,0,85.636,2,0,25.827,6.39,0.096,19.168,7.266,1,2,1.73,0
1,5,19,0.125,0,2,0,92.024,2,0,28.491,7.208,0.096,20.571,8.131,1,3,1.61,0
0,4,10,0,0,2,0,86.16,2,0,25.827,6.345,0.096,19.168,7.266,0,2,1.794,0
2,5,19,0.077,0,1,0,115.468,2,0,39.662,8.464,0,22.866,11.228,2,1,1.084,0
0,3,10,0,0,1,0,53.423,1,0,16.838,4.825,0.096,6.084,3.047,0,2,0.141,0
0,1,11,0,0,1,0,60.976,1,1,17.163,5.438,0.096,10.437,4.888,1,2,0.618,0
1,1,11,0,0,1,0,70.051,2,1,21.827,6.152,0.096,12.914,5.97,1,0,1.179,0
0,4,14,0,2.673,2,0,62.239,2,0,20.447,6.192,0,6.772,6.074,0,0,0.884,0
1,3,9,0,4.061,1,0,72.012,1,0,19.326,6.577,0,1.221,7.438,0,5,0.803,0
1,1,8,0,0.863,1,0,49.616,2,1,23.378,6.223,0.096,7.087,6.635,0,1,1.246,0
1,1,12,0,0,1,0,65.467,2,0,25.655,6.418,0.079,4.498,5.653,0,3,0.508,0
1,2,11,0.333,0,1,0,41.699,1,0,15.325,5.165,0.118,3.942,5.024,2,2,0.141,0
2,4,10,0.333,0,2,0,94.739,3,0,30.159,8.101,0.118,21.162,8.792,1,0,0.734,0
1,3,15,0,0,2,0,65.159,2,0,19.329,6.331,0,13.7,6.805,1,1,0.543,0
1,2,8,0,0,2,0,69.303,2,0,20.827,6.147,0.118,10.408,6.963,1,2,1.317,0
0,1,7,0,0.5,1,0,102.191,3,0,33.825,8.565,0.125,10.3,9.871,2,0,1.129,0
4,1,9,1.74,0,1,0,94.279,2,0,55.468,8.685,0.079,6.349,10.508,0,3,1.686,0
1,3,9,0,0,2,0,98.949,2,0,27.661,8.497,0,18.826,12.398,1,1,0.869,0
0,3,8,0,4.061,1,0,61.614,1,0,17.614,5.635,0,0,4.68,0,4,0.809,0
0,4,15,0,0.5,2,0,61.602,2,0,21.53,6.204,0,11.26,6.25,1,0,0.55,0
0,5,20,0,0.5,3,0,78.301,3,0,24.661,6.78,0.096,16.268,7.513,1,1,0.944,0
0,3,15,0,0,2,0,75.087,2,0,25.336,6.682,0.096,16.283,6.185,1,0,0.419,0
1,1,8,0,0.5,1,0,50.154,2,0,21.35,6.054,0.196,4.067,5.325,1,0,0.79,0
0,3,19,0,0.5,2,0,76.218,2,0,25.503,6.383,0.096,13.605,6.185,1,0,0,0
0,0,4,0,0,0,3,66.54,1,0,19.664,5.634,0.441,8.883,3.306,1,3,1.274,0
0,2,15,0,0,1,0,43.09,1,0,18.436,5.077,0,7.282,4.473,0,0,0.075,0
0,2,15,0,0,1,0,59.584,2,0,24.768,5.967,0,13.583,6.406,0,0,0.674,0
0,2,13,0,0,1,0,45.668,1,0,15.329,4.812,0,7.282,3.63,0,0,0,0
0,2,13,0,0,1,0,62.162,2,0,21.661,5.922,0,13.583,5.551,0,0,0.696,0
0,7,9,0,0,2,0,69.004,2,0,26.573,7.417,0,10.104,8.203,1,0,0.653,0
0,2,12,0,0,2,0,48.091,2,0,14.831,5.028,0,8.597,4.481,0,1,0.305,0
1,1,14,0.25,0,1,0,56.269,1,0,19.993,6.149,0,11.545,6.25,1,1,0.623,0
1,3,12,0,0,1,0,44.207,1,0,15.661,4.932,0.079,7.383,3.63,2,1,0.078,0
1,1,9,0,0,1,0,55.992,2,0,25.692,5.256,0.063,3.302,3.75,0,3,0.916,0
0,3,9,0,0,2,0,68.028,2,0,18.664,6.061,0,12.217,6.805,1,1,0.931,0
3,4,9,0.75,0,1,0,72.95,2,0,26.672,5.895,0.144,7.933,6.25,0,3,0.444,0
2,3,13,0.608,0,1,0,82.792,2,0,27.823,7.196,0.079,16.042,8.393,1,2,1.238,0
0,3,8,0,0,1,0,53.067,1,0,16.495,5.364,0,7.831,4.888,1,1,0.862,0
1,4,9,0,0,2,0,94.706,2,0,29.945,8.441,0,15.632,9.796,2,2,0.698,0
1,3,7,0,0,1,0,85.671,1,0,24.993,7.683,0,15.199,7.713,0,3,0.811,0
1,2,12,0.333,0,1,0,51.568,1,0,16.66,5.246,0.096,8.536,4.245,1,2,0.13,0
0,1,9,0,0,1,0,64.275,1,1,16.831,5.558,0.096,10.167,5.365,0,2,1.439,0
1,3,15,0,0,2,0,84.15,2,0,27.668,7.414,0.096,17.238,7.513,1,1,0.772,0
1,3,19,0,0,2,0,67.335,2,0,23.768,6.722,0,10.839,7.852,1,1,0.852,0
0,4,12,0,0,2,0,81.926,2,0,28.426,7.048,0.079,16.787,6.63,1,0,1.063,0
1,2,9,0,0,1,0,54.448,1,0,24.449,5.692,0,7.173,5.365,1,2,1.059,0
0,3,15,0,0,2,0,73.196,2,0,26.602,6.855,0,15.846,7.713,0,0,0.748,0
0,3,21,0,0,2,0,66.8,2,0,25.602,6.038,0,15.122,7.051,0,0,0.822,0
0,2,15,0,0,1,0,61.406,1,0,22.768,5.847,0,10.486,6.635,0,2,1.158,0
0,2,15,0,0,1,0,68.47,1,0,24.768,6.1,0,12.756,8.022,0,2,2.715,0
1,2,15,0.143,0,1,0,61.892,2,0,25.432,5.98,0,12.756,6.406,0,0,0.631,0
0,4,6,0,0,2,0,73.643,1,0,23.838,5.623,0,18.664,5.551,1,0,2.261,0
0,3,7,0,0,2,0,107.352,2,0,28.163,8.86,0,17.622,12.457,1,3,1.306,0
0,4,19,0,0,2,0,72.742,2,0,32.678,6.793,0,12.74,6.84,1,0,0.443,0
1,5,19,0.25,0,2,0,96.394,2,0,29.491,7.014,0.079,20.41,8.792,1,3,1.413,0
0,4,9,0,0.2,2,0,71.771,2,0,19.997,6.559,0,12.5,6.963,1,2,1.04,0
1,2,11,0,0,1,0,58.919,1,1,17.329,5.624,0.079,9.281,4.888,1,2,0.305,0
0,3,12,0,0,2,0,52.149,2,0,16.838,4.964,0.118,7.148,3.806,0,0,0,0
0,4,22,0,3.596,3,0,84.295,3,1,30.019,7.047,0.182,10.804,7.319,0,2,1.057,0
2,1,11,0.167,0,1,0,96.564,2,0,28.823,7.024,0,13.299,9.796,6,5,1.728,0
1,2,20,0.25,0,2,0,68.145,2,0,23.993,6.405,0,16.094,6.84,1,0,0.354,0
2,3,11,0.2,0.333,1,0,82.07,2,0,34.816,8.983,0,14.075,10.858,1,0,1.248,0
2,3,11,0.167,0,2,0,129.518,3,0,41.097,9.224,0,21.065,14.235,6,4,1.55,0
1,2,7,0,0.5,2,0,77.897,2,0,25.139,6.62,0.144,8.458,6.84,0,3,1.514,0
0,1,14,0,0,1,0,69.656,1,0,20.495,6.28,0.079,9.764,5.97,2,3,0.286,0
0,3,6,0,0.5,1,0,50.987,1,0,17.668,5.506,0,3.614,5.024,1,2,0.361,0
2,2,7,0.143,0,1,0,76.651,1,0,20.993,7.821,0,10.087,9.834,0,3,0.466,0
3,3,13,0.965,0,1,0,85.101,2,0,28.487,7.065,0.079,15.411,8.393,1,2,1.109,0
0,2,15,0,0,1,0,56.672,2,0,23.768,5.841,0.144,12.756,5.78,0,0,0.324,0
0,4,16,0,0.5,2,0,60.612,2,0,26.949,6.297,0.236,6.149,5.76,1,1,0.065,0
0,4,15,0,0,2,0,80.247,2,0,27.028,6.751,0,15.655,8.203,2,1,1.643,0
0,2,13,0,0,1,0,51.161,1,0,16.495,5.101,0,7.282,4.245,0,1,0.169,0
0,3,13,0,0,2,0,75.774,2,0,23.495,6.691,0,15.846,6.84,0,0,0.784,0
0,3,19,0,0,2,0,69.379,2,0,22.495,6.004,0,15.122,6.185,0,0,0.847,0
0,2,13,0,0,1,0,59.25,2,0,20.661,5.733,0.144,12.756,4.938,0,0,0.27,0
0,2,13,0,0,1,0,71.446,2,0,23.16,6.206,0,12.756,5.78,0,1,0.678,0
2,3,6,0.5,0.5,2,0,83.291,3,0,30.423,6.827,0.246,11.151,7.266,0,1,1.28,0
3,5,12,1.145,0,2,0,75.401,2,0,25.321,7.245,0.144,10.355,8.585,1,3,0.418,0
0,2,6,0,0,1,0,66.547,2,0,23.084,6.384,0.118,9.502,6.25,2,1,0.924,0
0,1,12,0,0,1,2,70.156,2,0,21.523,5.808,0.064,13.001,5.551,2,0,0.941,0
2,4,11,0.1,0,1,0,89.158,2,0,32.163,7.898,0.079,14.508,9.087,2,1,1.008,0
0,0,3,0,0,0,0,51.277,1,0,17.165,5.397,0.118,6.373,5.186,2,1,1.421,0
3,4,14,0.386,0.5,1,0,100.74,3,0,35.153,8.429,0.144,15.989,9.428,1,2,0.666,0
1,2,12,0,0,1,0,74.13,2,1,23.827,6.685,0.096,14.38,6.84,1,1,1.218,0
2,2,14,0.2,0,1,0,65.113,1,0,20.99,6.387,0,7.229,7.556,2,4,0.513,0
0,3,10,0,0,1,0,53.423,1,0,16.838,4.895,0.096,5.451,3.047,0,2,0.142,0
0,3,9,0,0,1,0,43.16,1,0,12.997,4.793,0,4.522,3.806,0,3,0.216,0
0,3,24,0,0.25,2,0,86.441,2,0,28.938,7.248,0,24.604,7.709,0,0,1.125,0
0,3,24,0,0.531,2,0,96.601,2,0,29.329,7.467,0,25.7,8.347,1,1,1.453,0
0,2,6,0,0,2,0,78.592,2,0,23.329,6.965,0,15.566,9.209,2,0,1.439,0
0,2,9,0,0,1,0,94.292,1,1,29.17,7.19,0.096,23.764,6.481,0,2,1.201,0
0,2,6,0,0.794,1,0,59.61,1,0,17.661,6.773,0,7.239,7.35,2,2,0.829,0
1,4,9,0,0,1,0,74.958,2,0,27.682,6.878,0,9.062,7.136,1,0,0.772,0
0,3,11,0,4.061,1,0,76.806,1,0,20.327,6.549,0,1.221,7.556,0,5,0.837,0
0,2,13,0,0,1,0,63.421,2,0,22.495,6.263,0,15.122,6.185,0,0,0.71,0
0,3,13,0,0,2,0,91.87,3,0,29.16,7.353,0,18.593,7.709,0,0,0.555,0
0,1,8,0,0,1,0,88.613,2,0,33.617,7.392,0.332,11.012,7.709,5,0,1.255,0
0,1,11,0,0,1,1,72.547,2,1,19.831,6.082,0.096,14.911,5.325,1,1,0.69,0
1,3,17,0,3.596,2,0,64.852,2,1,22.326,5.723,0.118,9.233,5.97,0,1,1.015,0
1,2,10,0,0,2,0,61.643,2,0,20.159,6.537,0.144,7.851,6.805,1,0,0.433,0
0,2,12,0,0,1,0,62.329,1,0,20.436,6.427,0,8.022,8.227,1,2,0.578,0
2,0,4,0.143,0,0,3,105.646,2,0,33.325,8.061,0,26.12,10.543,3,4,1.694,0
0,3,24,0,0.25,2,0,86.441,2,0,28.938,6.841,0,24.064,7.709,0,0,1.288,0
0,4,8,0,0,2,0,71.676,2,0,27.942,6.216,0.079,9.422,8.022,1,1,1.238,0
0,1,11,0,0.2,1,0,69.485,1,1,18.997,6.023,0.096,10.437,5.325,1,3,0.814,0
0,0,0,0,0,0,0,42.482,1,0,15.827,4.853,0.096,6.256,3.293,0,0,0.608,0
0,5,15,0,0,3,0,106.409,3,0,36.184,8.376,0.128,16.648,9.469,3,3,1.264,0
0,2,18,0,1.145,1,0,82.844,2,0,26.993,6.879,0.083,11.075,6.719,3,3,0.967,0
0,2,7,0,0,1,1,132.57,2,0,37.163,8.288,0.072,35.401,8.897,4,4,3.299,0
0,0,14,0,0,1,0,58.05,1,0,20.827,5.945,0.096,11.842,4.938,0,1,0.156,0
0,0,14,0,0,1,0,62.484,2,0,24.827,6.333,0.096,17.365,5.653,0,0,0.638,0
0,1,20,0,0,2,0,69.927,2,0,24.827,6.165,0.096,17.365,5.653,0,0,0.654,0
1,4,13,0,0,2,0,89.981,2,0,32.672,8.875,0,16.176,10.096,2,0,0.898,0
1,4,11,0,0,2,0,117.465,2,0,34.325,9.088,0,20.738,11.228,1,4,1.679,0
1,5,11,0,0,2,0,122.506,2,0,35.325,9.301,0,20.66,11.421,1,5,1.178,0
1,2,12,0,0.5,1,0,52.445,1,1,21.406,6.018,0.096,7.732,4.938,1,1,0.169,0
0,0,13,0,0,1,0,90.938,1,0,25.329,7.224,0.064,19.334,7.713,0,2,1.263,0
0,5,13,0,0,2,0,66.424,2,1,17.664,5.72,0.079,8.355,5.104,1,3,0.694,0
0,1,11,0,0,1,0,69.564,1,1,19.163,5.943,0.096,11.862,6.25,1,2,1.178,0
0,0,3,0,0,0,0,35.587,0,0,13.16,4.932,0,2.08,4.889,1,0,0.847,0
2,2,7,0.083,0,1,0,98.7,3,0,32.322,8.635,0.068,12.679,9.667,2,3,0.86,0
0,4,9,0,0.2,2,0,73.597,2,0,27.982,6.341,0.068,12.573,5.413,1,0,1.756,0
0,3,19,0,0.655,2,0,70.759,2,0,31.059,6.586,0,9.134,7.32,1,1,0.679,0
0,1,9,0,0,1,0,68.276,2,1,20.831,6.026,0.096,11.777,6.438,0,0,0.929,0
0,1,8,0,0,1,0,56.409,2,0,18.827,6.272,0.144,5.222,6.667,1,0,0.619,0
1,1,10,0,1.145,1,0,62.792,2,0,24.322,6.177,0.175,6.586,5.413,0,0,1.106,0
1,0,0,0,0,0,0,39.924,1,0,11.329,4.747,0,0,4.76,0,0,0.636,0
0,1,6,0,0,1,0,43.345,1,0,10.526,4.73,0,4.446,4.76,0,0,0.574,0
0,1,12,0,2.381,1,0,36.427,1,1,15.325,4.537,0.118,5.854,3.395,0,0,0,0
4,0,0,1.471,0,0,0,102.787,3,0,39.148,8.437,0,12.099,11.16,0,0,1.793,0
2,4,16,0.333,0,2,1,78.615,2,0,22.66,6.856,0,14.904,8.444,1,1,0.715,0
0,2,10,0,3.596,2,0,64.859,2,1,20.662,6.164,0.118,9.134,5.76,0,0,0.901,0
0,3,11,0,0,1,0,55.943,1,0,15.166,4.757,0.096,15.714,3,0,0,0.128,0
3,9,19,0.553,0,1,0,130.304,2,0,46.483,9.338,0,22.43,11.008,3,3,1.015,0
1,3,7,0,0,2,0,78.339,2,0,25.742,7.412,0,14.805,8.741,0,1,1.414,0
0,0,4,0,0.091,0,0,127.222,0,0,43.149,12.327,0,12.923,25.69,5,1,0.373,0
0,2,8,0,0,1,0,67.788,1,0,18.616,6.091,0,7.258,5.558,1,4,1.303,0
2,4,9,0.143,0,2,0,114.113,2,0,37.329,7.272,0,21.901,11.039,2,4,3.055,0
0,2,10,0,0,2,0,101.502,3,0,33.638,9.181,0.079,12.567,9,0,0,0.694,0
4,6,8,0.684,0,2,0,130.081,2,0,37.321,8.817,0,18.312,14.533,0,7,3.075,0
4,6,14,0.753,0.5,2,0,120.739,3,0,41.817,8.883,0,21.408,10.948,1,2,2.767,0
0,4,17,0,0,2,0,75.732,2,0,23.163,6.099,0,14.279,6.012,0,3,0.998,0
0,3,17,0,0.25,2,0,68.486,2,0,22.495,5.83,0,12.223,5.78,0,2,0.948,0
0,1,14,0,0,1,0,43.553,1,0,18.436,5.336,0,7.973,4.473,0,1,0.072,0
0,3,17,0,0,2,0,71.623,2,0,26.908,6.089,0,14.418,6.481,0,1,1.423,0
0,3,17,0,0.5,2,0,67.01,2,1,22.949,6.423,0,15.791,5.551,0,0,0.465,0
0,3,20,0,0,2,0,67.696,2,0,25.436,5.992,0,14.418,6.63,0,1,0.828,0
0,3,17,0,0,2,0,65.791,2,0,22.745,6.044,0,15.284,5.78,0,1,0.529,0
0,2,17,0,0.5,2,0,62.28,2,1,19.997,5.876,0,14.877,5.325,0,0,0.457,0
1,3,18,0,0,2,0,127.774,4,0,45.496,8.807,0.118,29.442,12.698,1,1,5.758,0
0,2,17,0,0.25,2,0,63.445,2,0,21.495,5.727,0,12.016,5.551,0,1,0.485,0
1,1,12,0,0,1,1,57.59,1,0,22.156,6.206,0.079,2.249,5.551,0,3,0.215,0
0,1,11,0,0,1,0,50.115,1,0,24.145,5.606,0.079,0,3.786,0,3,0.197,0
0,2,12,0,0.5,2,0,76.77,2,0,26.825,6.897,0.079,7.319,6.857,0,3,1.196,0
0,0,0,0,0,0,0,44.126,1,0,13.166,3.988,0,10.392,1.837,0,0,1.629,0
0,1,9,0,0.25,1,0,71.283,2,0,22.997,6.041,0,16.302,4.777,1,0,1.169,0
0,0,3,0,0,0,0,74.786,1,0,22.163,6.263,0,12.984,5.413,1,2,1.424,0
0,0,3,0,0,0,0,70.053,2,0,23.163,6.172,0.144,13.507,4.777,1,0,1.416,0
0,1,9,0,0,1,0,86.097,2,1,27.662,6.151,0.096,15.206,4.543,1,2,1.667,0
0,0,3,0,0,0,0,70.554,2,0,24.495,6.423,0.118,19.043,5.325,2,0,1.52,0
1,1,6,0,0,1,0,76.021,2,0,25.993,6.969,0.083,17.393,6.857,1,2,1.698,0
2,0,4,0.143,0,0,3,100.022,2,0,32.325,7.993,0,26.01,10.347,3,3,1.706,0
0,2,6,0,0,2,0,66.742,2,0,18.664,5.95,0,15.816,6.805,1,0,1.696,0
0,4,7,0,0,1,0,86.688,1,0,22.19,6.569,0,9.119,7.051,1,6,1.312,0
0,3,19,0,1.574,2,0,69.485,2,0,31.391,6.564,0,8.141,7.32,1,1,0.63,0
0,0,13,0,0.333,1,0,51.315,1,1,15.665,4.691,0.079,11.938,3.293,0,0,0,0
0,0,0,0,1.37,0,0,56.721,1,0,15.329,5.567,0,0,9.551,0,0,0.913,0
4,8,19,1.167,0,3,0,107.57,1,0,38.653,8.405,0.068,29.113,8.982,3,2,1.398,0
0,4,13,0,0,2,0,83.736,1,0,22.831,6.765,0,18.984,7.32,0,1,1.769,0
0,4,6,0,0,2,0,74.243,2,0,24.79,6.269,0.118,13.512,5.325,0,0,1.166,0
0,3,8,0,0,1,0,42.221,1,0,11.83,4.85,0,7.678,4.133,0,0,0.429,0
0,5,6,0,0,3,0,104.212,3,0,36.026,8.615,0.144,19.436,9.087,0,0,1.341,0
0,2,11,0,1.785,1,0,53.456,1,1,16.994,5.829,0.118,4.008,6.554,2,2,0.471,0
1,0,3,0,0,0,0,38.231,0,0,10.661,4.808,0,0.816,4,1,4,0.986,0
0,0,11,0,0,1,0,55.774,1,0,20.492,5.706,0.096,3.879,4.938,0,4,0.719,0
0,2,9,0,0.531,2,0,77.227,2,1,23.329,6.938,0.096,15.56,7.32,1,0,0.525,0
0,1,6,0,0,1,0,79.587,3,0,24.831,7.105,0,10.731,8.203,0,0,1.527,0
1,1,6,0,0,1,0,88.304,3,0,29.159,7.476,0,15.126,9.274,2,1,1.262,0
0,5,13,0,0,1,0,105.965,2,0,35.676,7.743,0,21.58,8.347,0,2,0.913,0
1,2,6,0,0,2,0,83.451,3,0,24.163,6.795,0,18.517,8.022,0,1,1.172,0
0,2,10,0,0,1,0,70.465,1,0,18.329,6.45,0,8.271,8.163,1,2,1.74,0
0,5,13,0,0,1,0,92.671,1,0,32.082,7.642,0,16.899,7.709,0,2,0.763,0
0,3,9,0,0,1,0,68.288,2,0,20.163,6.012,0,10.275,6.438,1,3,0.719,0
0,0,3,0,0,0,0,33.943,1,0,12.495,4.406,0.118,4.059,3.6,2,1,0.665,0
0,5,7,0,0.5,1,0,78.45,2,0,20.997,6.237,0.144,8.186,5.78,1,5,1.531,0
0,2,6,0,0,2,0,89.195,3,0,25.831,7.481,0,10.725,8.909,0,0,1.099,0
0,3,8,0,0,2,0,68.995,2,0,20.672,6.021,0,11.788,6.074,1,1,0.726,0
2,3,13,0.333,0,1,0,50.76,1,0,17.325,5.436,0,7.585,5.915,2,2,0.246,0
1,2,7,0,0,1,1,75.073,1,0,19.329,7.174,0,10.165,8.992,0,2,0.675,0
1,1,8,0,0,1,0,52.123,2,1,21.823,6.116,0.096,8.893,5.97,0,1,1.388,0
1,3,7,0,0,1,0,96.832,1,0,31.993,7.761,0.083,27.444,8.025,2,1,0.886,0
1,2,6,0,0,2,0,94.657,2,0,26.827,7.72,0,12.749,10.222,1,2,1.19,0
0,3,17,0,0,2,0,65.381,2,0,27.228,5.892,0,9.027,5.76,0,0,0.677,0
0,7,26,0,0,2,0,98.654,2,0,30.495,7.617,0,25.814,8.163,3,0,0.201,0
0,5,16,0,0,1,0,79.817,1,0,22.664,6.329,0,17.833,5.325,2,3,0.567,0
0,1,16,0,0,1,0,64.71,1,0,21.772,6.109,0.064,16.085,5.175,0,1,0.274,0
0,1,13,0,0,1,0,47.236,1,0,14.997,4.845,0,9.803,4.022,1,0,0.003,0
0,1,11,0,0,1,0,43.317,1,1,15.616,4.925,0,9.915,3.395,0,0,0,0
0,4,7,0,0,1,0,83.552,1,0,19.831,6.351,0,6.604,5.78,0,8,1.265,0
0,2,9,0,0,1,0,44.622,1,0,14.328,4.811,0,8.756,5.024,2,0,0.416,0
0,2,11,0,0,1,0,37.72,1,0,12.384,4.552,0,5.553,4.133,1,0,0.149,0
0,2,14,0,0,1,0,63.595,1,0,19.329,6.397,0,14.243,6.25,1,0,0.383,0
1,2,19,0,0,2,0,74.236,2,0,21.996,6.326,0,18.003,6.635,1,0,0.379,0
1,4,14,0,0,2,0,61.504,2,0,18.782,5.793,0,11.009,5.365,0,0,0.787,0
0,4,7,0,0.333,2,0,80.467,2,0,19.665,6.784,0,11.283,7.556,0,2,1.33,0
1,3,12,0,0,1,0,66.351,1,0,27.059,5.851,0,6.36,6.25,0,3,1.2,0
2,4,9,0.25,0,1,0,48.189,1,0,15.446,5.08,0,5.657,4.297,0,2,0.144,0
0,2,7,0,0.25,2,0,73.296,2,0,18.665,6.813,0,7.646,8.163,0,0,0.127,0
0,4,20,0,0,2,0,77.419,2,0,33.668,6.441,0,11.205,7.713,0,1,1.91,0
0,2,14,0,0,1,0,51.464,2,0,19.464,5.624,0.096,8.272,5.104,2,1,0.271,0
1,1,6,0,0,1,0,82.367,2,0,23.495,7.251,0.125,8.813,8.585,1,2,1.294,0
0,2,13,0,0,2,0,55.468,2,0,17.672,5.025,0.144,9.524,4.481,1,0,0.231,0
4,6,8,0.753,0,2,0,97.901,2,0,30.321,8.367,0,17,11.755,1,4,1.087,0
0,0,13,0,0,1,0,51.299,1,0,15.831,4.654,0.118,10.262,3.293,0,0,0,0
0,4,7,0,0,1,0,61.941,1,0,27.468,6.405,0,8.825,5.365,1,0,1.102,0
0,3,16,0,0,2,0,60.897,2,0,27.644,5.835,0,9.128,5.76,0,0,0.472,0
0,1,11,0,0,1,0,44.561,1,1,18.41,5.359,0,9.915,4.108,0,0,0.119,0
0,3,10,0,0,1,0,43.913,1,0,16.576,5.235,0,6.831,4.245,1,0,0.188,0
0,4,7,0,0,2,0,64.469,1,0,17.332,5.258,0,15.959,4.473,0,0,0.886,0
0,3,7,0,0,1,0,39.126,1,0,13.578,4.943,0,8.597,4.297,1,0,0.56,0
1,1,15,0.75,0,1,1,70.765,1,0,24.325,6.747,0.118,16.494,6.406,1,2,0.639,0
1,1,15,0.75,0,1,0,51.647,1,0,20.325,5.584,0.118,12.332,4.349,0,1,0.065,0
1,2,14,0,0,1,2,62.98,1,1,20.329,5.64,0,11.049,4.281,0,2,0.624,0
0,1,11,0,0,1,0,46.999,1,0,17.163,4.941,0.118,10.772,3.539,0,0,0.209,0
0,3,14,0,0,2,0,59.019,2,0,15.499,5.271,0,9.824,5.186,0,0,0.638,0
1,2,9,0,0,1,0,78.481,2,0,23.495,8.385,0,11.619,9.904,1,1,0.591,0
0,4,21,0,0,2,0,74.68,2,0,40.124,6.892,0,11.188,6.63,0,0,0.95,0
3,4,11,0.766,0,1,0,49.414,1,0,17.325,5.035,0.096,7.05,4.245,1,2,0.29,0
0,2,14,0,0,1,0,51.817,1,1,22.074,6.009,0,10.517,5.175,1,0,0.259,0
0,0,15,0,0,1,0,54.629,1,0,18.163,5.1,0,11.608,4.108,0,0,0,0
0,3,18,0,0,2,0,66.192,2,0,20.329,6.203,0,13.355,6.963,2,0,0.697,0
0,1,9,0,0,1,0,50.046,1,0,15.495,5.158,0,6.536,5.778,2,1,0.409,0
0,2,12,0,0.2,2,0,46.88,2,0,13.665,4.709,0,7.883,4.297,0,0,0.226,0
0,3,15,0,0,2,0,63.977,2,0,17.664,5.772,0,12.111,6.074,1,1,0.556,0
0,5,13,0,0,2,0,93.76,1,0,26.949,7.377,0,20.917,7.713,0,2,2.068,0
2,5,14,0.386,0.5,2,0,103.749,3,0,35.153,8.536,0.144,15.989,9.428,1,2,0.519,0
0,4,7,0,0,2,0,84.424,1,0,23.997,6.11,0,21.725,5.653,0,1,1.416,0
1,6,6,0,0,3,0,102.767,3,0,36.302,7.836,0.144,20.347,9.274,0,0,1.725,0
1,5,6,0,0,3,0,98.038,3,0,33.35,6.849,0.144,19.436,9.087,0,0,1.894,0
0,1,6,0,0,1,0,59.531,2,0,20.17,5.284,0.214,9.018,3.868,1,0,0.705,0
0,5,17,0,0,3,0,85.146,3,0,27.474,7.587,0.096,18.913,7.713,1,0,0.639,0
1,2,12,0.25,0,1,0,54.626,1,0,18.66,5.998,0,11.065,5.558,0,1,0.121,0
1,8,9,0,0,3,0,98.743,3,0,30.66,7.207,0.068,26.307,7.438,1,2,2.195,0
0,4,15,0,0,2,0,67.154,2,0,26.452,6.066,0,12.362,5.325,0,2,0.907,0
0,1,11,0,0,1,0,43.704,1,1,13.664,4.707,0,8.756,3.395,0,1,0.073,0
0,1,11,0,0,1,0,43.737,1,1,13.664,4.7,0,8.756,3.395,0,1,0.073,0
0,1,10,0,0,1,0,29.516,1,1,11.329,4.166,0,4.441,3.408,1,0,0.237,0
1,3,15,0,0,2,0,63.022,2,0,17.996,5.85,0,13.649,6.074,1,1,0.496,0
0,4,14,0,0,2,0,66.716,2,0,17.332,5.97,0,15.624,5.558,1,2,0.525,0
2,3,10,0.25,0,1,1,45.425,1,0,13.66,5.074,0,7.308,4.889,0,2,0.141,0
0,4,17,0,0.5,3,0,68.791,3,1,19.665,5.664,0.118,15.045,5.76,0,0,1.085,0
3,4,14,0.766,0,1,0,45.747,1,0,20.598,5.555,0.118,7.532,5.104,1,1,0.219,0
0,4,10,0,0,1,0,67.056,1,0,19.605,5.935,0,5.112,5.175,0,6,1.059,0
1,1,18,0.25,0,1,0,69.187,1,0,23.993,6.6,0,18.038,6.406,1,1,0.458,0
0,3,8,0,0,1,0,61.986,1,0,18.996,6.398,0,16.158,6.25,2,0,0.576,0
1,2,14,0,0,1,0,56.153,1,0,17.328,5.484,0,12.241,4.888,1,1,0.062,0
0,1,6,0,0,1,0,54.328,2,0,16.191,5.246,0.096,7.298,4.68,2,1,0.953,0
0,3,14,0,0,2,1,58.481,2,0,18.689,5.529,0.064,7.662,5.104,0,2,0.461,0
0,2,17,0,0,2,0,61.554,2,0,19.996,5.792,0,16.653,5.325,0,0,0.21,0
0,1,9,0,0,1,0,58.752,1,0,18.329,7.191,0,8.439,9,2,0,0.233,0
0,0,3,0,0.111,0,0,60.386,0,0,23.796,6.144,0,2.874,9.551,2,2,0.645,0
0,1,7,0,0.2,1,0,61.544,2,0,20.495,5.314,0.083,7.282,4.938,1,0,1.632,0
0,0,11,0,0,1,0,53.228,1,0,20.492,5.961,0.096,4.419,5.325,0,3,0.705,0
1,2,7,0,0,1,0,51.615,1,0,15.495,5.425,0,9.071,5.778,1,1,1.119,0
0,1,11,0,0,1,0,44.977,1,0,12.499,4.375,0,9.172,3.164,0,0,0,0
0,1,9,0,0,1,0,52.65,1,0,18.004,5.11,0.096,10.465,4.022,1,0,0.581,0
0,3,12,0,0,2,0,52.579,2,0,15.025,5.035,0.096,6.642,4.022,0,1,0.539,0
0,2,15,0,1.145,2,0,57.053,2,1,17.997,5.31,0.096,10.557,4.473,0,0,0.108,0
0,4,18,0,0.794,3,0,68.372,3,0,20.997,6.381,0,13.953,6.438,0,0,0.539,0
2,0,11,0.167,0,0,0,68.783,1,0,20.325,6.691,0,6.087,7.556,6,4,0.751,0
1,2,9,0,0,1,0,75.569,2,0,22.495,7.919,0,11.228,9.107,1,1,0.596,0
0,2,7,0,0,2,0,82.333,3,0,22.831,7.027,0,12.59,7.852,0,0,1.227,0
0,3,8,0,0,1,0,50.968,1,0,12.498,4.827,0,5.854,3.395,0,3,0.756,0
0,4,21,0,0,2,0,61.166,2,0,32.999,6.623,0,11.97,7.051,0,0,1.524,0
1,1,6,0,0.2,1,0,71.193,1,0,24.658,8.698,0,10.301,11.523,3,0,0.935,0
0,3,15,0,0,2,0,63.977,2,0,17.664,5.794,0,11.58,6.074,1,1,0.73,0
0,3,15,0,0,1,0,89.103,3,0,32.074,7.693,0,20.277,7.788,1,1,0.691,0
1,0,6,0,0,0,3,120.5,1,0,40.526,7.917,0.059,21.141,8.834,5,4,2.626,0
1,5,16,0,0,1,0,91.214,2,0,29.945,7.42,0,19.987,7.087,1,1,0.617,0
0,3,6,0,0,1,0,55.547,1,0,19.9,5.664,0,7.945,5.915,2,0,1.39,0
0,4,10,0,0,2,0,91.34,2,0,26.495,8.327,0,16.897,10.222,1,1,1.04,0
2,0,6,0.25,0,0,3,119.003,1,0,42.152,8.065,0.059,18.949,9.329,5,5,2.444,0
0,4,6,0,0,3,0,135.154,4,0,40.613,9.099,0,21.615,12.03,1,2,2.417,0
0,4,6,0,0,2,0,87.476,1,0,24.332,6.671,0,22.972,5.894,0,1,1.534,0
0,2,9,0,0,1,0,33.678,1,0,11.08,4.31,0,7.066,3.408,1,0,0.057,0
0,1,12,0,0.965,1,0,44.245,1,0,14.689,5.238,0,4.499,5.672,2,1,0.071,0
0,1,9,0,0,1,0,50.017,1,0,15.329,5.808,0,7.373,6.478,2,0,0.318,0
0,2,8,0,0,1,0,41.476,1,0,15.436,4.931,0.096,3.367,4.481,0,2,0.761,0
0,5,16,0,0.5,2,0,69.528,2,0,20.329,6.096,0,11.003,6.438,1,2,0.941,0
2,3,11,0.125,0,1,0,70.002,2,0,21.829,6.159,0,9.873,6.25,1,1,1.249,0
0,6,14,0,0,2,2,83.314,2,0,21.664,6.977,0,20.485,7.852,0,0,2.024,0
0,6,14,0,0,2,2,83.314,2,0,21.664,7.108,0,20.807,7.852,0,0,1.792,0
3,7,20,0.464,0,2,0,90.209,1,0,30.823,7.58,0,24.032,7.553,0,3,0.273,0
6,8,23,3.848,0,2,0,99.684,2,0,35.981,8.124,0,13.153,10.543,0,6,0.45,0
3,2,12,1.591,0,1,0,94.037,1,0,33.653,7.117,0,13.812,9.013,2,5,1.979,0
0,2,18,0,1.295,2,0,62.759,2,0,21.021,6.345,0,9.61,7.556,2,0,0.061,0
0,5,21,0,0.5,1,0,75.37,1,0,25.661,6.285,0,19.853,5.571,2,0,0.003,0
4,8,10,0.961,0,2,0,101.125,1,0,33.487,6.998,0.118,24.937,8.789,1,3,2.795,0
0,4,12,0,0,1,0,69.408,1,0,28.24,6.559,0,18.475,5.523,0,0,0.396,0
0,2,15,0,0,1,0,56.89,1,0,17.19,5.514,0,12.241,4.888,1,0,0.21,0
0,6,18,0,0,1,0,69.748,1,0,22.993,6.202,0,14.526,5.08,0,1,0.053,0
0,3,13,0,0,2,0,55.322,2,0,21.094,5.658,0,7.324,4.888,0,0,0.269,0
0,2,10,0,0.333,2,0,80.138,2,0,41.124,7.71,0,6.419,8.203,0,0,0.304,0
0,1,16,0,0,1,0,53.274,1,0,19.937,5.424,0.079,14.285,4.349,0,0,0,0
1,2,10,0,0,1,0,50.44,1,0,15.328,5.746,0,7.837,6.478,1,1,0.213,0
1,1,11,0,0.5,1,0,41.328,1,2,17.325,6.126,0,4.654,6.554,1,1,0.22,0
0,0,11,0,1,1,0,42.102,1,0,14.551,4.479,0,5.553,3.395,0,1,0.082,0
0,0,9,0,0,1,0,62.158,1,0,28.484,8.117,0,10.533,10.222,3,0,0.7,0
0,3,12,0,0,1,0,45.353,1,0,15.938,5.332,0,6.447,5.186,1,2,0.223,0
3,9,23,0.721,0,1,0,113.369,1,0,38.653,8.744,0,27.125,12.808,3,3,3.39,0
3,2,12,1.354,0,1,0,93.657,2,0,36.317,8.347,0.096,15.988,8.501,0,2,0.847,0
0,5,18,0,0,3,0,77.162,3,0,23.838,6.053,0.096,15.302,5.97,0,0,1.093,0
1,4,15,0,0,2,0,68.345,2,0,22.834,6.178,0.096,9.037,6.25,1,1,0.953,0
0,4,16,0,3.789,2,0,68.866,2,1,21.662,6.24,0.096,8.056,5.551,0,2,0.662,0
1,1,15,0.909,0,1,0,72.957,1,0,26.989,7.034,0.118,14.552,6.481,0,2,0.433,0
0,5,17,0,0,2,0,73.996,2,0,22.163,5.808,0.064,15.01,5.413,2,2,0.922,0
0,0,3,0,0,0,0,23.614,0,0,6.83,3.968,0,1.651,4.167,1,0,0.46,0
1,1,10,0,1.145,1,0,62.792,2,0,24.322,6.165,0.175,6.586,5.413,0,0,1.061,0
0,0,4,0,0.5,0,0,53.145,1,0,22.001,6.302,0.192,8.094,5.558,2,0,0.727,0
0,2,9,0,0,1,0,67.123,1,0,26.505,7.081,0,10.438,8.444,1,0,0.984,0
0,0,11,0,0,1,0,36.417,1,0,12.996,4.298,0,8.442,3.164,0,0,0,0
0,2,10,0,0,1,0,34.933,1,0,10.996,4.182,0,5.553,3.408,1,0,0.07,0
1,2,14,0.25,0,1,0,52.516,1,0,18.993,5.784,0,10.524,5.104,1,2,0.197,0
0,0,3,0,0,0,0,24.875,0,0,9.66,4.101,0,2.381,3.92,2,0,0.724,0
0,0,4,0,0,0,0,23.06,0,0,16.549,3.705,0,1,2.52,1,0,0.789,0
0,1,5,0,0.5,1,0,30.275,1,1,8.831,3.891,0.144,2.828,3.111,0,0,0.415,0
0,1,9,0,0,1,0,53.798,1,1,17.329,5.358,0.096,11.358,4.888,2,0,0.92,0
0,0,3,0,0,0,0,47.112,1,0,22.132,5.811,0.144,4.884,5.612,1,0,0.5,0
1,6,11,0,0,2,0,70.129,2,0,23.993,6.713,0,18.277,6.012,1,0,0.846,0
0,1,9,0,0,1,0,31.38,1,0,9.831,3.979,0,3.942,3.24,1,0,0,0
0,1,9,0,0,1,0,31.157,1,0,9.997,3.957,0,3.942,3.24,1,0,0,0
0,1,9,0,0.333,1,0,28.851,1,0,10.163,3.926,0,2.621,3.24,1,0,0,0
0,1,9,0,0.333,1,0,28.628,1,0,10.329,3.904,0,2.621,3.24,1,0,0,0
0,1,9,0,0,1,0,50.07,1,1,13.499,4.947,0.096,9.99,3.806,0,0,0.387,0
0,0,14,0,0.333,1,0,53.901,1,0,16.665,4.957,0,12.747,3.868,0,0,0,0
0,1,11,0,0.5,1,0,70.61,2,1,26.326,7.197,0.241,12.947,7.266,0,2,1.172,0
0,4,19,0,0,2,0,100.755,2,0,30.115,7.571,0,22.178,8.792,1,3,1.183,0
0,4,16,0,1.04,2,0,85.806,2,0,24.689,6.657,0.079,10.721,5.894,0,4,1.16,0
0,2,12,0,0.333,2,0,46.136,2,0,13.665,4.681,0,6.872,4.297,0,0,0.335,0
0,5,13,0,0,2,0,59.499,1,0,16.166,5.097,0.079,17.161,3.539,0,0,0.063,0
0,0,4,0,0,0,0,27.478,0,0,16.505,4.099,0,0,3.111,0,0,0.461,0
0,0,11,0,1.04,1,0,40.523,1,2,17.16,5.193,0.118,4.084,4.245,0,1,0.408,0
0,5,17,0,0,2,0,84.391,2,0,28.067,7.309,0,19.476,6.63,2,1,1.126,0
0,1,7,0,0,1,0,28.526,1,0,7.499,3.355,0,2.828,2.344,0,0,0,0
0,2,6,0,0.5,2,0,68.381,3,0,22.329,5.866,0.083,12.398,5.78,2,0,1.32,0
0,0,3,0,0,0,0,87.101,0,0,21.664,9.082,0,2.383,19.048,1,1,0.377,0
0,2,12,0,0,1,0,44.42,1,1,15.578,4.99,0.096,9.773,3.63,1,0,0,0
1,2,10,0,0,1,0,66.527,1,1,18.495,6.279,0.096,11.438,5.558,0,3,0.538,0
1,2,10,0,0,1,0,56.458,1,1,16.163,5.641,0.096,11.438,4.68,0,1,0.387,0
0,0,15,0,0,1,0,55.113,1,1,17.664,5.258,0,15.008,4.108,0,0,0,0
0,0,11,0,0,1,0,51.834,1,0,21.444,5.861,0.096,3.726,4.704,0,2,0.428,0
0,1,12,0,1,1,0,38.12,1,1,14.965,4.469,0.118,6.233,3.395,0,0,0,0
0,2,17,0,0.5,2,0,62.207,2,1,23.326,6.3,0.096,7.566,5.413,0,2,0.203,0
0,0,8,0,0,0,0,95.555,1,0,24.996,9.591,0,10.273,12.369,6,3,2.211,0
2,5,18,0.143,0,2,0,105.809,2,0,36.107,8.361,0.064,23.866,10.543,3,2,2.826,0
0,3,14,0,0,1,0,44.04,1,0,43.163,5.586,0,6.179,4.888,1,1,0.355,0
0,2,12,0,1.651,1,0,45.214,1,0,26.592,5.117,0.118,0,4.022,1,1,0.36,0
0,1,6,0,0,1,0,53.871,1,0,16.329,5.638,0,7.667,6.554,2,1,0.984,0
0,1,9,0,0.2,1,0,64.957,1,1,20.661,6.101,0.096,11.98,6.438,2,1,0.998,0
1,0,3,0,0,0,0,36.665,1,0,14.834,4.931,0.118,2.556,3.6,2,0,0.522,0
0,0,15,0,0,1,0,54.915,1,1,17.664,5.183,0,14.563,4.108,0,0,0,0
2,0,0,0.5,0,0,0,40.675,1,0,15.657,5.104,0,2.126,4.481,0,1,0.48,0
0,3,9,0,1.5,1,0,65.156,1,0,17.493,5.733,0,0,5.365,0,6,0.293,0
0,0,11,0,0.5,1,0,37.594,1,1,16.326,4.702,0.118,1.52,3.293,0,2,0.152,0
1,5,16,0,0.2,1,0,85.92,2,0,28.779,7.109,0,19.987,6.857,1,0,0.594,0
1,2,12,0,0,1,0,57.039,2,0,18.827,5.768,0.118,10.993,5.558,2,1,0.731,0
1,4,10,0,0,2,0,71.622,2,0,22.328,6.285,0.064,18.904,5.78,2,1,1.208,0
1,5,10,0,0.5,3,0,131.282,4,0,40.908,10.018,0.079,29.05,12.497,0,1,1.612,0
1,2,7,0,0,1,0,72.161,1,0,20.827,7.461,0,11.395,9.031,1,2,1.095,0
0,3,8,0,4.061,1,0,61.603,1,0,17.614,6.02,0,1.075,5.778,0,3,0.561,0
0,0,3,0,0,0,0,38.095,0,0,13.328,6.186,0,4.142,8.592,2,0,0.392,0
1,2,11,0,0,1,0,83.339,2,0,30.347,6.276,0,9.342,8.347,5,3,1.717,0
0,5,15,0,0.5,2,0,88.277,2,0,49.036,7.816,0,12.915,7.68,0,0,0.993,0
0,1,9,0,0,1,0,33.536,1,0,9.498,4.018,0,4.745,3.24,1,0,0,0
0,6,18,0,0,2,0,90.416,2,0,36.634,7.511,0.079,18.63,6.857,1,1,1.296,0
0,5,16,0,0.5,2,0,97.39,2,0,51.582,7.952,0,12.181,8.163,1,0,0.933,0
0,4,12,0,0,4,0,97.941,4,0,27.831,7.575,0.144,24.452,8.59,0,0,1.93,0
2,5,9,0.1,0,3,0,101.183,3,0,31.325,8.243,0,26.003,10.684,2,2,2.044,0
0,8,7,0,0,2,0,80.749,2,0,31.811,7.071,0,11.353,6.185,0,0,1.036,0
0,2,14,0,2.554,1,0,64.777,2,0,26.314,6.01,0.144,9.308,5.325,1,0,0.719,0
1,2,7,0,0,1,0,57.278,1,0,17.716,6.576,0,8.875,8.144,1,1,1.299,0
1,5,21,0,0,2,0,89.56,2,0,36.557,7.58,0,15.891,9.796,1,1,1.095,0
1,2,10,0,0,1,0,85.114,1,0,23.661,8.73,0,8.838,12.426,1,2,0.884,0
1,2,10,0,0,1,0,53.446,1,0,15.162,5.891,0,8.319,6.478,1,1,0.205,0
0,4,18,0,0,1,2,70.138,1,0,20.997,5.613,0,17.819,5.551,1,0,1.13,0
2,0,4,0.25,0,0,0,64.004,0,0,19.491,6.887,0,2.894,8.992,2,4,0.907,0
1,1,10,0,2.182,1,0,80.544,3,0,31.488,7.669,0.175,13.618,7.935,0,0,0.783,0
0,2,7,0,0,1,0,78.183,1,0,24.066,8.363,0,10.647,9.834,1,0,0.492,0
0,4,16,0,0.5,1,1,56.077,1,0,38.242,5.882,0,6.391,4.281,0,0,0.299,0
0,3,11,0,0,1,0,51.058,1,0,18.568,5.352,0,8.17,3.63,0,0,0,0
0,2,13,0,0.5,1,0,61.051,1,0,28.678,6.875,0,6.536,6.805,1,1,1.035,0
0,5,10,0,0,2,0,77.566,2,0,35.844,6.778,0.068,14.098,5.817,1,0,1.693,0
0,1,10,0,0,1,0,35.859,1,1,15.28,4.571,0.096,6.447,2.803,0,0,0,0
1,4,10,0,1.566,2,0,93.568,3,0,32.907,9.365,0.118,17.662,10.156,1,0,0.835,0
0,2,6,0,2.217,1,0,69.715,1,1,22.168,6.55,0.118,4.515,9,1,2,0.784,0
2,3,16,0.5,0,1,0,59.207,1,0,24.183,6.178,0.118,10.224,5.413,1,1,0.362,0
1,5,8,0,0,2,0,91.614,2,0,27.911,7.737,0.083,19.663,8.131,0,2,1.483,0
0,3,11,0,0,1,0,58.661,1,0,26.182,5.453,0,8.17,3.63,0,0,0,0
0,3,14,0,0,1,0,77.791,2,0,35.038,7.338,0,11.31,7.266,1,2,1.674,0
0,4,6,0,0,4,0,102.037,4,0,30.783,6.38,0.144,21.621,8.347,0,0,3.305,0
2,3,11,0.333,0,1,0,62.503,2,0,22.159,6.178,0,12.606,5.97,1,0,1.284,0
0,6,18,0,0,1,0,64.389,1,0,21.328,5.717,0,16.033,4.836,2,0,0.009,0
0,4,17,0,0,2,0,66.322,2,0,26.785,6.087,0,12.362,5.325,0,0,1.263,0
0,2,8,0,0,1,0,33.925,1,0,11.163,4.204,0,2.942,2.939,0,2,0.163,0
0,5,14,0,0,3,0,129.259,4,0,42.583,9.995,0.118,31.73,11.373,2,1,0.97,0
0,3,12,0,0.5,1,0,50.851,1,0,26.346,5.318,0,6.295,3.539,1,1,0.231,0
1,2,14,0,0.2,1,0,96.839,1,0,28.16,9.033,0,16.021,11.658,1,3,1.018,0
0,6,7,0,0,2,0,68.493,2,0,22.568,6.226,0,16.288,5.76,0,0,1.115,0
0,4,14,0,2.103,1,0,131.155,3,0,43.652,9.033,0,23.729,14.963,0,0,1.377,0
0,0,3,0,0,0,0,86.416,0,0,28.804,6.355,0,2.53,9.074,2,4,1.368,0
0,0,0,0,0,0,0,67.52,0,0,20.83,8.789,0,4.995,16.372,0,1,0.474,0
0,1,10,0,0.083,2,0,103.758,3,2,38.776,9.709,0.157,22.143,9.469,0,0,1.686,0
0,2,12,0,0,2,1,100.806,3,1,33.575,8.887,0.079,21.958,9.871,2,0,0.458,0
0,1,7,0,0,1,0,68.716,2,0,19.661,6.28,0,7.113,6.805,0,0,0.69,0
0,0,11,0,0,1,0,54.745,1,0,22.156,5.971,0.096,5.155,5.551,0,2,0.953,0
0,1,16,0,0,2,0,54.576,2,0,30.905,5.355,0.079,11.894,4.704,0,0,0.095,0
0,2,17,0,0.167,1,0,77.848,1,1,22.665,5.969,0.079,17.264,4.777,0,2,0.097,0
2,5,13,0.167,1.145,2,0,62.105,2,0,20.852,6.086,0.096,4.141,5.76,0,4,0.2,0
1,4,11,0,0,1,0,72.246,1,0,24.564,6.958,0,9.748,7.695,3,1,0.513,0
0,0,0,0,0.333,0,0,54.994,0,0,14.329,6.524,0,4.899,9.551,0,2,1.091,0
1,2,14,0,0,1,0,59.88,1,0,30.232,5.854,0.096,7.129,4.704,0,1,0.331,0
1,3,9,0,0,1,0,79.655,1,1,24.661,6.113,0.079,16.413,6.246,1,2,1.813,0
2,1,6,0.25,0,1,0,55.41,1,0,19.325,6.412,0,9.422,8.163,2,0,1.115,0
0,3,12,0,0,2,0,62.502,2,0,17.664,5.951,0,14.434,6.074,1,0,0.556,0
2,3,11,0.167,0,1,0,98.592,2,0,32.228,6.916,0,10.986,9.274,6,4,1.313,0
1,3,13,0,1.5,2,0,80.882,2,1,28.333,7.097,0.096,12.376,7.513,1,1,0.664,0
0,3,14,0,0,2,0,72.49,2,0,20.996,7.016,0,17.112,7.695,2,0,0.473,0
2,4,15,0.333,0,2,0,97.31,2,0,29.944,8.001,0,16.092,9.274,2,4,1.155,0
0,2,8,0,0.5,1,0,24.973,1,1,10.745,3.885,0,1.89,2.722,0,0,0,0
0,4,16,0,0,2,0,67.624,2,0,23.742,6.686,0,13.391,6.84,1,0,0.759,0
1,5,17,0,0,2,0,77.004,1,0,27.24,6.791,0.096,14.269,6.857,2,2,0.509,0
0,3,14,0,0,1,0,61.798,1,0,23.077,6.154,0,15.3,5.08,1,1,0.622,0
0,1,8,0,0.5,1,0,18.829,1,2,10.911,3.847,0,1.89,2.722,0,0,0,0
0,4,12,0,0,2,0,67.448,2,0,20.246,6.184,0,15.131,6.438,1,1,0.943,0
0,5,7,0,0,3,0,128.474,4,0,41.825,10.178,0.083,28.47,12.24,1,0,2.766,0
0,3,12,0,0,1,0,55.948,1,0,22.683,6.331,0,6.814,6.635,1,2,0.656,0
2,0,3,0.333,0,0,0,161.809,0,0,54.812,13.371,0,35.702,27.563,6,4,4.248,0
0,0,3,0,0,0,0,41.789,1,0,12.83,4.712,0,2.337,4.297,1,0,1.057,0
1,3,7,0,0,1,0,70.165,1,0,19.328,6.788,0,8.353,6.963,1,4,0.857,0
0,4,13,0,1.534,2,0,103.208,3,0,44.056,10.406,0,17.022,12.459,2,1,1.335,0
1,5,13,0,0.553,2,0,114.112,3,0,48.007,9.044,0,20.52,13.347,2,1,2.323,0
0,14,30,0,0,2,2,144.687,2,0,43.657,8.968,0,19.754,11.707,0,6,2.847,0
4,5,11,1.34,0,1,1,86.854,1,0,31.273,6.831,0.068,9.323,6.958,3,4,1.601,0
2,2,8,0.333,0,1,0,51.089,1,0,15.993,5.776,0,7.337,6.478,0,1,0.493,0
0,1,14,0,0.111,1,0,76.383,2,0,31.893,6.137,0,12.676,6.012,0,1,0.69,0
0,4,8,0,0,2,0,96.691,3,0,31.696,8.974,0,16.48,9.467,1,0,0.991,0
1,3,12,0,0.333,1,0,63.586,1,1,19.329,5.691,0.079,12.327,4.349,1,2,0.236,0
0,10,7,0,0,2,0,87.411,2,0,34.375,7.145,0,10.924,6.63,0,0,1.534,0
0,2,9,0,0,1,0,42.927,1,0,12.664,4.934,0,8.026,4.297,0,2,0.808,0
0,0,3,0,0.143,0,0,46.803,0,0,14.329,6.451,0,2.898,9.551,2,2,0.346,0
0,2,16,0,0,1,0,102.654,1,0,31.835,7.81,0,20.443,9.274,0,2,1.037,0
0,4,15,0,0.5,1,0,58.041,1,0,38.242,5.924,0,6.391,4.281,0,0,0.41,0
0,4,15,0,0.5,1,0,59.285,1,0,41.036,6.163,0,6.391,5.025,0,0,0.372,0
0,2,6,0,0,1,0,60.732,1,0,15.664,5.789,0,10.757,5.915,1,3,1.499,0
0,3,9,0,0,1,0,70.364,1,0,18.163,6.048,0,7.823,7.438,1,4,1.408,0
0,3,14,0,0.167,2,0,49.94,2,1,16.163,5.31,0,9.744,4.68,0,0,0.14,0
0,5,20,0,0,2,0,90.284,2,0,38.038,7.556,0.079,15.994,7.319,1,1,1.735,0
1,5,18,0,0,2,0,94.955,2,0,31.111,7.756,0.064,21.508,8.347,2,2,1.421,0
0,4,15,0,0,2,0,79.299,2,0,24.495,6.821,0.079,18.692,6.63,2,1,0.74,0
0,3,11,0,0,1,0,66.264,1,0,33.796,5.936,0,8.17,3.63,0,0,0,0
1,3,18,0.25,0,2,0,77.365,2,0,24.66,6.667,0,18.444,7.051,0,2,0.584,0
0,1,10,0,0.2,1,0,36.664,1,0,11.191,4.33,0,4.298,4,1,0,0.124,0
0,3,11,0,0,2,0,64.123,2,0,21.391,5.704,0.118,12.019,6.074,1,0,1.366,0
0,1,6,0,0,1,0,54.275,1,0,15.052,5.456,0,7.298,6.478,1,1,1.215,0
0,3,14,0,0,2,0,72.746,2,0,20.996,6.445,0,16.417,7.136,2,1,1.177,0
2,3,16,1.591,0,1,0,63.108,1,0,23.989,5.948,0.118,8.406,5.413,0,3,0.234,0
0,2,10,0,3.596,2,0,57.25,2,1,20.326,5.892,0.262,7.345,5.104,0,0,0.432,0
0,6,14,0,1.651,2,0,66.034,2,0,22.261,5.748,0,6.374,5.104,0,0,1.13,0
1,4,11,0,0.814,2,0,88.717,2,1,36.303,8.321,0.096,12.515,8.347,0,1,0.903,0
0,4,14,0,0.25,2,0,61.5,2,0,23.462,6.518,0.118,9.104,6.185,1,1,0.383,0
0,2,8,0,0,2,0,94.182,3,0,28.163,7.827,0,22.237,9.796,1,1,2.066,0
1,8,11,0,0,2,2,118.922,2,0,33.993,8.67,0,27.221,10.745,3,4,1.45,0
1,5,14,0,0,2,0,107.194,2,0,33.779,8.413,0,30.324,9.212,3,1,1.129,0
1,5,10,0,4.243,2,0,83.285,2,1,26.741,8.144,0.144,13.512,10.096,1,2,1.477,0
0,1,11,0,0,1,0,49.417,2,0,15.191,4.932,0.096,6.642,4.022,2,1,0.261,0
0,6,16,0,0,2,0,73.873,2,0,24.9,6.194,0,12.843,6.635,1,1,1.216,0
0,5,16,0,0,2,0,71.733,2,0,19.997,6.094,0,13.217,6.438,1,2,0.996,0
0,0,0,0,0,0,0,44.836,0,0,13.993,5.414,0,3.614,6.453,0,1,0.862,0
0,2,12,0,0,1,1,50.54,1,0,14.664,4.886,0,10.584,3.63,3,1,0.075,0
0,1,12,0,0.333,1,0,47,1,0,27.759,5.339,0.096,0,4.245,1,2,0.384,0
3,2,8,0.685,0,1,0,57.317,1,0,19.823,6.448,0,7.944,8.163,1,1,0.411,0
1,1,15,0.909,0,1,0,51.647,1,0,20.325,5.395,0.118,11.745,4.349,0,1,0.065,0
0,2,8,0,0,1,0,36.892,1,0,14.436,4.817,0.096,2.942,4.297,0,1,0.463,0
0,4,15,0,0.167,2,0,56.201,2,1,18.163,5.812,0,11.268,5.558,0,1,0.545,0
0,2,10,0,0,1,0,48.638,2,0,18.049,5.553,0,5.411,4.888,0,0,0.496,0
1,2,9,0,0,1,0,71.056,2,0,22.779,7.083,0,8.553,7.556,1,0,0.44,0
0,2,12,0,0.167,1,0,78.047,1,0,21.827,7.651,0,9.281,9.85,2,3,1.28,0
0,2,14,0,0,1,0,57.729,1,0,19.827,5.836,0,9.571,5.325,1,2,0.434,0
0,5,16,0,0.825,1,0,70.267,2,0,24.828,5.91,0,14.735,5.325,1,1,1.618,0
0,2,10,0,1.408,2,0,81.692,2,0,25.021,7.887,0,11.198,10.714,2,0,1.706,0
2,2,11,0.167,0,1,0,86.886,2,0,29.598,6.549,0,10.089,9.274,6,4,2.22,0
0,4,16,0,0.5,2,0,65.42,2,0,24.074,6.461,0,11.396,6.84,1,0,1.087,0
1,4,20,0,0,2,0,70.375,2,0,33,6.729,0,11.212,7.513,0,1,1.057,0
3,2,11,0.55,0,1,0,107.428,2,0,35.262,8.028,0,15.046,12.296,6,5,1.342,0
0,0,3,0,0,0,0,30.929,1,0,9.997,4.088,0,3.942,3.24,1,0,0.645,0
2,2,11,0.167,0,1,0,91.18,2,0,30.598,7.06,0,13.008,9.972,6,4,1.303,0
0,3,15,0,0,1,0,80.284,2,0,27.908,7.029,0,15.957,7.486,1,1,0.687,0
0,5,17,0,0.333,2,0,74.106,2,0,25.53,6.472,0,18.446,6.406,2,0,0.858,0
6,9,11,2.633,0,2,0,106.397,2,0,38.816,7.659,0.196,19.236,8.741,1,4,1.234,0
1,7,14,0,0,2,0,83.958,2,0,42.607,7.985,0,12.487,5.97,0,0,0.967,0
2,6,12,0.091,0.814,2,0,94.696,2,1,34.221,7.747,0.096,11.282,8.131,0,4,1.285,0
0,2,10,0,0,3,0,124.147,4,1,38.16,8.474,0.079,24.525,11.62,0,0,1.676,0
2,2,14,0.125,1.5,1,0,62.562,1,1,21.658,6.539,0.096,7.942,6.963,1,2,0.185,0
2,3,16,0.5,0,1,0,60.651,1,0,23.823,6.246,0.118,13.105,5.413,1,1,0.447,0
1,4,16,0,0,2,0,64.641,2,0,19.328,6.063,0,13.996,6.25,1,1,0.621,0
0,3,11,0,0,1,0,39.559,1,0,12.162,4.505,0,6.831,3.6,1,0,0.064,0
2,0,6,0.333,0,0,1,42.473,1,0,13.993,4.584,0.083,2.08,3.395,3,2,0.77,0
1,1,7,0,0,1,0,84.798,2,0,32.163,7.806,0.4,7.581,7.319,3,2,1.483,0
0,0,11,0,0,1,0,62.649,1,0,23.824,7.114,0.096,7.108,6.84,1,3,0.647,0
0,5,13,0,0,1,0,113.769,2,0,37.119,8.726,0,18.503,9.667,0,0,1.66,0
0,0,14,0,0.333,1,0,53.157,1,0,16.665,4.94,0,11.823,3.868,0,0,0,0
0,3,10,0,0,2,0,65.234,2,0,19.664,5.625,0.064,17.559,4.938,2,0,1.292,0
1,6,9,0,0,3,0,88.661,3,0,28.66,6.952,0.068,25.52,6.958,1,0,1.858,0
0,1,6,0,0,1,0,45.143,1,0,12.664,5.446,0,6.338,5.612,1,0,0.788,0
0,2,18,0,0,2,0,85.477,3,0,26.689,7.032,0.064,18.254,8.393,2,1,0.866,0
0,1,12,0,1.853,1,0,69.428,1,0,19.496,6.307,0,4.952,7.556,1,4,1.339,0
0,2,15,0,0.814,1,0,76.618,2,0,26.99,6.916,0,10.905,7.266,1,1,0.497,0
0,0,4,0,0,0,0,32.865,1,0,19.671,4.243,0,2.828,2.939,0,0,0.653,0
0,0,3,0,0,0,0,31.618,1,0,11.329,4.299,0.118,3.802,3.408,2,0,0.743,0
0,4,11,0,0,2,0,105.099,3,0,34.575,8.808,0,23.801,10.08,1,1,1.308,0
0,4,16,0,1.04,2,0,85.494,2,0,26.641,6.966,0.079,10.721,5.894,0,3,1.205,0
0,2,16,0,1.04,2,0,61.899,2,0,19.689,5.413,0.096,8.945,4.704,0,0,0.392,0
0,2,6,0,0,1,0,83.115,2,0,27.661,7.208,0,21.901,7.087,2,0,1.178,0
0,1,6,0,0.5,1,0,57.685,2,0,18.329,5.194,0,7.913,5.104,2,1,1.659,0
0,2,13,0,0,1,0,69.658,1,0,28.893,6.655,0,7.84,7.695,1,2,1.073,0
0,8,7,0,0,2,0,158.385,2,0,43.343,8.71,0,9.916,10.285,0,14,2.309,0
0,5,13,0,0,1,0,107.477,2,0,34.787,8.111,0,18.318,8.347,0,1,0.85,0
1,3,9,0,4.061,1,0,67.718,1,0,18.326,6.192,0,0,6.667,0,5,0.828,0
0,3,8,0,4.061,1,0,66.807,1,0,18.614,6.139,0,0,5.915,0,4,0.9,0
0,0,11,0,0,1,0,53.367,1,0,20.824,5.701,0.096,3.879,4.938,0,3,0.724,0
0,6,14,0,0.5,2,0,71.428,2,0,20.949,6.135,0,11.457,5.76,0,1,0.968,0
1,3,10,0,0,2,0,94.689,2,0,28.329,9.123,0,21.691,10.364,0,1,1.742,0
1,2,11,0,0,1,0,50.839,1,0,22.248,5.441,0.096,6.447,4.108,0,0,0.147,0
0,6,14,0,0,3,0,129.4,4,0,44.165,10.355,0.118,33.729,11.588,2,1,1.014,0
2,3,8,0.333,0,1,0,67.227,3,0,23.993,6.919,0.262,17.237,6.84,1,1,0.845,0
1,2,8,0,0,1,0,38.53,1,0,17.266,5.354,0.096,3.032,5.186,1,1,0.618,0
0,2,10,0,0,1,0,35.155,1,0,10.83,4.201,0,5.553,3.408,1,0,0.136,0
1,1,8,0,0,1,2,48.719,2,1,19.491,5.765,0.118,7.292,5.104,0,1,0.825,0
4,10,11,1.095,0,3,0,118.908,3,0,43.649,9.609,0,30.053,11.007,1,1,1.691,0
0,3,17,0,1.5,2,0,61.903,2,0,27.893,5.767,0,7.153,5.76,0,0,0.559,0
0,3,8,0,0,2,0,104.493,3,0,34.575,9.261,0.083,17.316,10.08,2,0,0.861,0
1,0,4,0,0,0,1,112.217,1,0,38,7.438,0.174,22.316,7,4,3,2.347,0
3,12,33,0.367,0.333,3,0,132.315,3,0,44.65,9.744,0,16.511,12.25,5,4,2.248,0
0,3,18,0,0.655,2,0,80.557,2,0,38.063,7.902,0.144,10.951,8.909,2,0,1.109,0
0,3,19,0,0,2,0,71.018,2,0,29.56,6.618,0,11.017,6.635,1,0,0.623,0
0,2,13,0,0,1,0,50.348,1,0,23.56,5.245,0,5.781,4.68,1,1,1.037,0
2,5,19,0.25,1.191,2,0,74.585,2,0,33.221,7.022,0,8.11,7.513,0,2,0.694,0
0,2,14,0,0,1,0,48.482,1,0,23.561,5.212,0,5.781,4.68,1,0,0.618,0
0,4,17,0,1.5,2,0,66.803,2,0,28.893,6.168,0,7.988,5.97,0,1,1.018,0
1,4,18,0,1.5,2,0,68.291,2,0,30.557,6.245,0,8.267,6.635,0,1,0.569,0
0,5,17,0,1.5,2,0,71.394,2,0,29.893,6.245,0,7.899,6.185,0,2,1.776,0
0,4,16,0,1.651,2,0,66.739,2,0,31.26,6.058,0.118,5.799,5.325,0,1,0.406,0
0,4,16,0,0.5,2,0,61.925,2,0,28.28,5.872,0.118,7.517,5.325,0,1,0.498,0
1,4,18,0,1.651,2,0,69.381,2,0,30.585,6.271,0,8.391,6.635,0,1,0.55,0
1,4,18,0,1.191,2,0,68.371,2,0,30.557,6.552,0,8.594,6.635,0,1,0.705,0
0,3,17,0,0.5,2,0,63.177,2,0,27.561,5.793,0,8.141,5.76,0,0,0.596,0
0,3,18,0,0,3,0,110.307,4,0,39.585,8.339,0.064,23.289,10.543,2,0,1.111,0
0,5,16,0,0.333,2,0,65.474,2,0,29.28,6.192,0.096,6.32,5.551,0,2,1.036,0
2,8,20,0.2,0.111,3,0,92.749,3,0,35.8,7.745,0,16.726,8.59,0,0,1.012,0
0,2,9,0,1.105,1,0,61.796,1,0,20.195,5.618,0.118,0,4.888,1,5,0.767,0
1,1,8,0,0,1,0,33.361,2,1,17.741,5.148,0.144,5.483,4.245,0,0,0.667,0
0,5,17,0,0,1,0,104.069,2,0,34.832,7.294,0.096,17.496,8.163,2,2,2.606,0
3,4,14,0.386,0.5,1,0,100.74,3,0,35.153,8.429,0.144,15.989,9.428,1,2,0.666,0
0,4,6,0,0,3,0,137.771,4,0,39.163,9.905,0,25.181,12.698,0,3,2.569,0
0,0,4,0,0,0,1,81.938,1,0,24.664,5.886,0.083,19.49,4.747,2,2,1.832,0
0,2,11,0,0,1,0,61.681,2,0,23.159,5.906,0.064,13.233,5.413,4,0,0.905,0
0,2,14,0,1.145,2,0,56.363,2,1,20.337,5.208,0.241,8.68,3.868,0,0,0.116,0
0,2,9,0,0,1,0,41.347,1,0,12.334,4.364,0,5.553,3.408,1,0,0.046,0
0,0,3,0,0,0,0,69.241,0,0,24.804,5.445,0,0,5.612,2,4,0.258,0
0,2,8,0,0,1,0,52.959,1,0,26.556,5.903,0.096,3.135,5.558,0,2,0.678,0
0,2,14,0,0.5,1,0,71.809,2,0,32.253,7.094,0,7.304,8.022,1,1,1.441,0
0,2,13,0,0.5,1,0,64.275,1,0,27.727,6.854,0,6.739,7.556,1,2,0.288,0
1,3,20,0,0,2,0,94.77,2,0,26.833,7.076,0,17.909,7.713,1,2,1.237,0
0,2,10,0,1.31,1,0,60.232,1,0,18.022,5.365,0.118,4.716,4.888,0,3,0.671,0
0,5,19,0,2.182,2,0,71.191,2,0,22.828,6.241,0,8.493,5.78,0,0,0.614,0
0,4,15,0,0.5,1,0,72.366,1,0,45.146,6.813,0,6.032,5.325,0,0,0.761,0
3,7,9,0.909,0.5,2,0,80.848,2,0,24.99,6.728,0,11.345,8.022,0,3,1.5,0
1,1,12,0,0,1,0,73.908,2,1,25.827,6.688,0.192,18.288,5.894,1,1,0.884,0
0,2,7,0,0,1,0,40.602,1,0,10.498,4.528,0,7.004,4,0,0,0.46,0
0,1,6,0,0,1,0,67.552,3,0,21.831,6.367,0,16.197,6.635,0,0,1.678,0
0,3,9,0,0.5,1,0,64.124,2,0,20.004,5.33,0,7.682,5.365,1,2,1.081,0
1,4,15,0,0.711,2,0,96.559,3,0,35.773,8.208,0.064,14.775,8.789,2,1,1.123,0
1,0,4,0,0,0,1,105.518,1,0,34.325,7.73,0.072,20.937,7.549,4,3,1.139,0
1,1,6,0,0,1,0,92.3,2,0,27.993,7.582,0,12.749,9.796,1,3,1.937,0
0,0,4,0,0,0,1,95.121,1,0,29.328,7.048,0.083,22.916,6.27,3,2,1.432,0
0,0,4,0,0,0,1,96.367,1,0,30.66,6.989,0.072,20.197,6.25,3,2,1.242,0
0,3,7,0,0,1,0,79.838,1,0,24.996,6.481,0.068,22.999,5,0,1,0.886,0
0,3,7,0,0,1,0,76.787,1,0,23.664,6.28,0.083,23.178,4.75,0,1,0.839,0
1,2,6,0,0,2,0,93.411,2,0,25.495,7.79,0,17.207,10.78,1,2,1.887,0
0,4,14,0,0.5,2,0,82.752,3,0,24.495,6.789,0.144,17.383,7.513,1,1,1.102,0
1,1,8,0,0,1,0,42.374,2,1,21.405,5.873,0.096,7.087,5.325,0,0,1.284,0
1,7,14,0,0,2,0,102.074,2,0,52.358,7.787,0,15.653,7.513,1,0,1.239,0
1,2,11,0,0,1,0,62.017,1,0,18.16,5.877,0,5.775,5.558,1,5,0.914,0
1,0,6,0,0,0,3,106.347,1,0,34.325,7.723,0.072,20.937,7.549,4,3,1.245,0
2,0,4,0.5,0,0,0,47.592,0,0,26.736,4.773,0,0,3.806,0,2,0.843,0
0,3,7,0,0,1,0,77.808,1,0,23.664,6.248,0.083,23.178,4.75,1,1,0.868,0
0,4,13,0,0,1,0,86.697,1,0,26.337,6.936,0,15.325,6.84,0,2,0.75,0
1,0,8,0,0.333,1,0,44.213,2,1,21.516,5.711,0.079,3.978,5.325,0,0,1.113,0
1,1,5,0,0,1,0,54.43,2,0,17.827,5.575,0.214,8.71,4.888,1,2,1.156,0
0,1,7,0,0,1,0,59.26,2,0,16.163,5.26,0,4.586,4.245,0,2,0.915,0
1,7,14,0,0,2,0,109.935,2,0,54.524,8.051,0,16.523,8.393,1,0,1.182,0
1,0,4,0,0,0,1,102.762,1,0,31.66,7.723,0.083,23.535,7.356,4,3,1.028,0
0,1,6,0,0,1,0,47.399,1,0,11.665,4.608,0,3.965,3.6,0,3,0.96,0
4,6,10,0.845,0,2,3,219.406,2,1,74.477,9.227,0.217,56.415,16.705,3,6,4.162,0
0,3,7,0,0,1,0,84.996,1,0,25.664,6.608,0.072,21.399,5.25,0,1,1.371,0
0,0,4,0,0,0,1,91.908,1,0,26.664,6.746,0.083,21.134,5.5,3,3,1.238,0
0,4,13,0,0,1,0,88.37,1,0,26.337,6.462,0,15.405,6.406,0,3,0.733,0
1,0,8,0,0,1,0,45.284,2,1,21.156,5.762,0.079,6.195,5.325,0,0,1.234,0
0,0,10,0,0,1,0,31.129,1,1,12.329,3.972,0.096,5.241,2.56,0,0,0,0
0,1,6,0,0.5,1,0,48.083,2,0,13.665,4.908,0.144,7.002,4.297,1,0,1,0
0,3,15,0,1,2,0,62.484,2,0,16.859,5.654,0,9.128,5.915,0,0,0,0
1,0,3,0,0,0,0,38.231,0,0,10.661,4.808,0,0.816,4,1,4,0.986,0
2,3,8,0.2,0,1,0,57.855,1,0,16.827,5.677,0,7.136,5.915,0,3,0.839,0
4,6,12,0.898,0,2,0,95.217,2,0,29.989,7.382,0,20.954,9.274,0,4,2.228,0
0,1,9,0,0.2,1,0,54.844,1,1,14.665,5.384,0.096,9.99,4.481,0,1,0.551,0
0,3,16,0,0,1,0,86.782,1,0,26.669,6.616,0,13.858,6.012,0,4,0.167,0
0,2,6,0,0,1,0,59.241,1,0,19.317,5.23,0,6.086,4.481,0,3,0.917,0
1,0,3,0,0,0,0,42.815,0,0,11.661,4.751,0,1.155,4.133,1,5,1.057,0
0,0,4,0,0,0,1,82.959,1,0,24.664,6.31,0.083,19.49,4.747,3,2,1.273,0
0,0,4,0,0,0,1,93.61,1,0,27.996,6.976,0.083,22.75,6.021,3,2,1.237,0
2,0,6,0.5,0,0,3,109.921,1,0,39.82,7.51,0.131,17.358,7.029,3,4,2.024,0
0,0,2,0,0,0,0,85.429,1,0,25.664,6.598,0.072,21.399,5.25,3,1,1.382,0
0,0,4,0,0,0,1,93.154,1,0,27.996,6.795,0.072,18.568,5.497,3,3,1.303,0
0,5,13,0,0,1,0,91.427,1,0,29.288,7.372,0,16.899,7.051,0,2,0.756,0
0,1,6,0,0,1,0,86.629,2,0,31.665,7.198,0.4,8.047,6.958,3,2,1.398,0
1,1,8,0,0,1,0,52.363,2,0,20.99,5.7,0.079,6.195,5.325,0,0,1.13,0
1,1,8,0,0,1,0,48.207,2,1,25.569,6.427,0.096,7.087,6.012,0,0,1.162,0
0,2,9,0,0,1,0,43.103,1,0,11.664,4.675,0,8.422,4.133,1,1,0.148,0
1,0,4,0,0,0,1,106.389,1,0,32.66,7.428,0.072,19.894,7.017,4,5,1.979,0
1,3,7,0,0,1,0,89.765,1,0,26.996,6.904,0.072,21.399,5.772,0,2,1.322,0
0,3,17,0,0,2,0,70.69,2,0,22.163,5.853,0,14.418,5.78,0,2,0.977,0
2,0,6,0.5,0,0,3,110.516,1,0,38.239,7.378,0.131,17.495,6.78,3,4,2.012,0
0,0,3,0,0,0,0,106.148,1,0,33.66,7.865,0.083,25.176,7.848,4,3,1.892,0
0,6,20,0,0,1,0,73.033,1,0,23.495,6.213,0,17.035,5.653,3,0,0.041,0
0,5,17,0,0,1,0,71.27,1,0,20.997,5.852,0,16.891,5.175,2,1,0.091,0
0,2,14,0,0,1,0,52.465,1,0,16.664,4.894,0.064,14.235,3.25,2,0,0,0
0,3,10,0,0,2,0,79.967,2,0,24.997,6.499,0.064,22.189,5.894,2,0,1.106,0
0,0,6,0,0,0,3,101.279,1,0,31.66,7.168,0.072,20.066,6.5,3,3,1.214,0
3,3,16,1.276,0,1,0,67.937,1,0,23.989,6.102,0.118,10.237,5.78,0,3,0.311,0
0,4,16,0,0,1,0,61.151,1,0,18.664,5.446,0,17.305,4.349,2,0,0,0
0,5,16,0,0,1,0,71.041,1,0,20.664,5.986,0,19.733,5.175,2,1,0.301,0
0,0,14,0,0,1,0,56.43,1,0,16.332,4.993,0,15.113,3.868,0,0,0,0
0,4,18,0,0,2,0,71.233,2,0,21.329,6.436,0,14.579,7.136,2,1,1.23,0
0,3,19,0,1.651,2,0,72.281,2,0,22.357,6.458,0,14.714,6.635,0,0,0.174,0
0,3,16,0,0,2,0,60.555,2,0,17.997,5.723,0,11.45,6.074,1,0,0.65,0
0,2,14,0,0,2,0,54.105,2,0,15.664,5.221,0,10.203,5.186,1,0,0.507,0
0,4,14,0,1.5,2,0,54.111,2,0,16.329,5.38,0,6.326,4.68,0,0,0.509,0
0,4,13,0,0,1,0,60.87,1,0,19.672,5.014,0,11.823,3.868,0,0,0,0
0,3,14,0,0,2,0,61.597,2,0,16.332,5.6,0,13.355,5.365,1,1,0.312,0
1,2,10,0,0,1,0,44.653,1,0,13.329,4.921,0,5.023,4.889,1,2,0.236,0
1,3,7,0,0,1,0,52.961,1,0,17.28,5.595,0,6.586,5.186,1,2,0.63,0
0,2,7,0,0,1,0,46.888,1,0,12.997,5.138,0,8.422,4.889,0,1,1.209,0
1,2,10,0,0,1,0,50.44,1,0,15.328,5.876,0,8.319,6.478,1,1,0.213,0
1,3,7,0,0,1,0,48.302,1,0,16.28,5.541,0,7.616,5.024,1,1,0.298,0
0,2,10,0,0,1,0,48.07,1,0,17.79,4.759,0.096,6.447,2.803,0,0,0,0
1,3,11,0,0,1,0,39.118,1,0,14.103,4.839,0,5.854,4.297,0,1,0.08,0
0,2,11,0,0,1,0,34.839,1,0,38.332,4.417,0,5.657,3.164,0,0,0.279,0
0,2,10,0,0,1,0,37.94,1,0,10.83,4.38,0,6.447,3.408,1,0,0,0
0,2,10,0,0,1,0,32.73,1,0,11.439,4.263,0,5.112,3.408,0,0,0,0
1,4,12,0,0,1,0,42.94,1,0,14.993,5.154,0,6.084,4.481,1,1,0.074,0
0,3,10,0,0,1,0,37.772,1,0,12.439,4.537,0,5.854,3.6,0,1,0.082,0
1,1,10,0,0,1,0,44.639,1,0,14.993,5.132,0,3.341,5.024,1,3,0.497,0
0,3,14,0,0,2,0,59.019,2,0,15.499,5.327,0,10.17,5.186,0,0,0.546,0
0,4,9,0,0,2,0,65.264,2,0,22.779,6.317,0,12.362,6.25,0,0,0.717,0
1,4,14,0,0,2,0,61.504,2,0,18.782,5.89,0,12.362,5.365,0,0,0.701,0
1,1,9,0,0,1,0,69.215,2,0,26.452,5.778,0.096,7.315,5.104,0,0,0.513,0
0,0,3,0,0,0,0,40.755,0,0,14.668,5.465,0,3.181,6.694,2,0,0.352,0
0,4,13,0,0,2,0,89.03,1,0,23.997,6.924,0,18.984,7.513,0,2,1.99,0
0,2,8,0,0,1,0,48.402,1,0,12.997,4.87,0,5.676,3.806,0,3,1.117,0
1,6,18,0,0,1,0,72.164,1,0,22.495,6.026,0,15.842,5.413,2,1,0.062,0
0,6,18,0,0,1,0,67.395,1,0,21.162,5.758,0,15.842,4.836,2,0,0.006,0
0,2,8,0,0,1,0,26.782,1,0,10.328,3.877,0,2.942,2.722,0,1,0.104,0
0,3,16,0,0,2,0,56.441,2,0,18.605,5.615,0,9.824,6.074,0,0,0.626,0
1,3,8,0,0,1,0,52.731,1,0,13.996,5.025,0,5.854,4.022,0,4,0.761,0
1,3,11,0,0,1,0,41.321,1,0,13.66,4.921,0,7.066,4.297,1,1,0.078,0
0,0,0,0,0,0,0,44.836,0,0,13.993,5.514,0,3.614,6.453,0,1,0.761,0
2,6,18,0.1,0,2,0,72.648,2,0,23.325,6.66,0,15.509,7.32,1,2,0.908,0
0,4,16,0,0,2,0,59.872,2,0,17.996,5.727,0,13.996,5.558,1,0,0.624,0
0,1,14,0,0,1,0,67.288,1,0,18.665,5.655,0.064,16.085,4.349,0,1,0.274,0
0,3,19,0,0,2,0,72,2,0,21.997,6.453,0,18.591,6.185,1,0,0.33,0
1,2,15,0.721,0,1,0,65.331,1,0,23.325,6.254,0.079,12.217,5.413,0,3,0.496,0
0,2,9,0,0,1,0,52.23,1,0,18.668,5.552,0,7.804,5.778,2,0,0.236,0
0,2,7,0,0,2,0,79.673,2,0,23.669,6.595,0.144,7.416,7.556,0,2,1.142,0
0,4,16,0,1.31,2,0,64.857,2,0,18.357,5.932,0,7.898,6.074,0,0,0,0
2,2,10,0.167,0,1,0,75.372,1,0,21.159,7.41,0,9,9.834,1,3,0.604,0
1,2,10,0,0,1,0,76.959,1,0,20.827,7.83,0,9.322,9.834,1,3,0.42,0
0,2,13,0,0,1,0,42.613,1,0,22.56,5.128,0,7.066,4.022,1,0,0.189,0
0,2,13,0,0,1,0,36.527,1,1,14.993,5.211,0,5.296,4.481,2,0,0.089,0
0,3,10,0,0,1,1,35.887,1,0,10.996,4.336,0,7.066,3.408,0,0,0,0
0,0,4,0,0,0,1,92.18,1,0,26.664,6.798,0.083,21.134,5.5,2,3,1.235,0
1,2,10,0,1.145,1,0,68.095,2,0,27.274,6.755,0.175,4.997,5.653,0,0,1.133,0
1,2,6,0,0,2,0,79.927,2,0,21.163,6.856,0,13.681,8.323,0,2,1.261,0
1,2,11,0,0,1,0,46.024,1,0,14.495,5.241,0,6.744,5.672,1,1,0.237,0
0,2,7,0,0,2,0,80.839,2,0,21.329,6.497,0,8.785,8.323,0,2,1.255,0
0,0,0,0,0,0,0,22.338,0,0,4.836,2.806,0,0,3,0,0,0.31,0
2,4,13,0.2,0,2,0,106.652,1,0,31.325,8.025,0,20.964,9.212,1,5,1.335,0
1,0,5,0,0,0,1,42.018,1,0,12.495,4.751,0,3.942,4.133,2,2,0.364,0
0,4,7,0,0,1,0,71.512,1,0,35.294,6.6,0,8.825,5.365,1,0,1.142,0
1,0,6,0,0,0,2,108.793,1,0,34.612,7.596,0.072,19.894,7.017,5,4,2.31,0
0,3,6,0,0,2,0,84.369,3,0,24.783,6.938,0,17.743,7.32,0,0,1.511,0
1,3,11,0,0,1,0,61.525,1,0,17.827,5.747,0,8.659,6.667,1,3,1.209,0
0,1,10,0,0.965,1,0,49.875,1,0,14.357,5.263,0,4.499,5.672,1,2,0.578,0
0,1,6,0,0,1,0,51.38,1,0,12.499,5.066,0,4.298,5.612,0,1,0.889,0
0,2,14,0,1,1,0,57.108,2,0,21.298,6.652,0.144,10.424,6.963,2,0,0.229,0
1,3,6,0,0,2,0,84.968,2,0,22.163,6.936,0,15.362,8.444,0,3,2.235,0
3,0,6,0.877,0,0,3,119.072,1,0,43.484,7.893,0.131,17.965,8.248,4,5,1.874,0
0,0,6,0,0,0,3,99.18,1,0,31.91,6.891,0.072,16.032,6.01,3,4,1.274,0
0,0,11,0,0,1,0,72.764,1,0,26.655,7.372,0.096,6.216,7.713,0,3,0.803,0
0,0,4,0,0,0,1,134.28,1,0,39.328,8.076,0,18.77,7.528,3,7,2.04,0
4,9,16,1.141,0,2,0,101.386,1,0,32.155,7.437,0,20.961,7.788,0,5,0.614,0
0,7,21,0,0,1,0,71.645,1,0,24.993,6.471,0,16.502,5.894,3,0,0,0
0,3,17,0,0,1,0,63.815,1,0,19.996,5.558,0,17.319,4.592,0,0,0.011,0
0,7,18,0,0,1,0,69.43,1,0,22.328,6.001,0,15.41,5.08,2,1,0.054,0
2,2,16,1.591,0,1,0,79.345,1,0,29.653,7.321,0.118,13.299,7.319,0,3,0.661,0
1,1,15,0.909,0,1,1,70.765,1,0,24.325,6.829,0.118,16,6.406,1,2,0.154,0
3,3,16,1.207,0,1,0,67.937,1,0,23.989,6.234,0.118,11.203,5.78,0,3,0.212,0
1,2,12,0.25,0,1,1,67.202,1,0,20.66,6.376,0,13.917,6.438,1,3,0.878,0
0,1,11,0,0,1,0,48.337,1,0,18.495,5.174,0.096,10.944,3.786,0,0,0.308,0
0,2,12,0,0,1,0,38.042,1,0,13.661,4.909,0,6.086,4.297,2,0,0,0
0,2,12,0,0,1,0,37.67,1,0,13.661,4.883,0,5.241,4.297,2,0,0,0
1,8,9,0,0,2,0,75.959,1,0,27.325,6.657,0.068,18.894,5.25,0,0,0.478,0
6,8,9,2.448,0,2,0,102.629,2,0,38.649,7.623,0.214,23.954,8.741,1,3,2.661,0
0,0,4,0,0,0,1,97.237,1,0,28.996,6.964,0.072,18.829,5.747,3,4,1.148,0
0,2,6,0,0.5,1,0,58.923,2,0,17.665,5.401,0.144,14.177,4.473,1,0,0.813,0
1,2,10,0,0,1,0,39.358,1,0,13.661,4.774,0,4.797,4.297,0,2,0.239,0
0,2,12,0,0,1,2,46.165,1,0,13.664,4.568,0,10.563,3.395,2,0,0,0
0,3,15,0,0,2,0,70.987,2,0,18.831,6.174,0,13.649,6.25,1,2,0.576,0
1,1,12,0.25,0,1,0,42.806,1,0,15.66,4.933,0,9.863,4.022,0,1,0.074,0
0,1,14,0,0,1,0,43.674,1,0,16.66,5.079,0,9.418,4.245,1,0,0.184,0
0,0,3,0,0,0,0,45.986,1,0,15.006,4.283,0,1,2.722,1,2,0.386,0
0,2,10,0,0,1,0,43.55,1,0,13.81,4.843,0,7.066,4.133,1,0,0.127,0
0,1,6,0,0,1,0,40.252,1,0,11.831,4.642,0,4.814,4.793,1,0,1.012,0
0,4,16,0,1,2,0,67.109,2,0,18.025,5.891,0,11.188,6.074,0,0,0,0
0,4,14,0,0,2,1,91.017,1,0,23.499,7.073,0,23.934,7.513,1,2,1.423,0
0,1,10,0,0.5,1,0,64.533,2,0,18.665,5.642,0.144,15.255,5.104,1,0,0.993,0
0,2,12,0,0.143,2,0,46.88,2,0,13.665,4.724,0,8.597,4.297,0,0,0.264,0
1,2,6,0,0,2,0,83.22,2,0,22.495,6.666,0,8.094,7.852,0,3,1.363,0
0,4,19,0,0,2,0,73.904,2,0,30.283,6.903,0,13.329,6.84,1,1,0.941,0
0,0,5,0,0,0,0,84.64,1,0,25.996,6.448,0.083,19.42,4.997,4,2,1.248,0
3,6,23,0.282,0,3,0,109.77,3,0,32.944,8.202,0,28.964,10.684,2,3,0.947,0
0,2,11,0,0,1,0,51.675,1,0,18.985,4.843,0,10.563,3.395,0,0,0,0
